kind,en,it,source
ability,Adaptability,Adattabilità,pokeapi:ability_names.csv
ability,Aerilate,Pellecielo,pokeapi:ability_names.csv
ability,Aftermath,Scoppio,pokeapi:ability_names.csv
ability,Air Lock,Riparo,pokeapi:ability_names.csv
ability,Analytic,Ponderazione,pokeapi:ability_names.csv
ability,Anger Point,Grancollera,pokeapi:ability_names.csv
ability,Anger Shell,Iraguscio,pokeapi:ability_names.csv
ability,Anticipation,Presagio,pokeapi:ability_names.csv
ability,Arena Trap,Trappoarena,pokeapi:ability_names.csv
ability,Armor Tail,Codarmatura,pokeapi:ability_names.csv
ability,Aroma Veil,Aromavelo,pokeapi:ability_names.csv
ability,As One,Sintonia Equina,pokeapi:ability_names.csv
ability,Aura Break,Frangiaura,pokeapi:ability_names.csv
ability,Bad Dreams,Sogniamari,pokeapi:ability_names.csv
ability,Ball Fetch,Raccattapalle,pokeapi:ability_names.csv
ability,Battery,Batteria,pokeapi:ability_names.csv
ability,Battle Armor,Lottascudo,pokeapi:ability_names.csv
ability,Battle Bond,Morfosintonia,pokeapi:ability_names.csv
ability,Beads of Ruin,Monile Nefasto,pokeapi:ability_names.csv
ability,Beast Boost,Ultraboost,pokeapi:ability_names.csv
ability,Berserk,Furore,pokeapi:ability_names.csv
ability,Big Pecks,Pettinfuori,pokeapi:ability_names.csv
ability,Blaze,Aiutofuoco,pokeapi:ability_names.csv
ability,Bulletproof,Antiproiettile,pokeapi:ability_names.csv
ability,Cheek Pouch,Guancegonfie,pokeapi:ability_names.csv
ability,Chilling Neigh,Nitrito Bianco,pokeapi:ability_names.csv
ability,Chlorophyll,Clorofilla,pokeapi:ability_names.csv
ability,Clear Body,Corpochiaro,pokeapi:ability_names.csv
ability,Cloud Nine,Antimeteo,pokeapi:ability_names.csv
ability,Color Change,Cambiacolore,pokeapi:ability_names.csv
ability,Comatose,Sonno Assoluto,pokeapi:ability_names.csv
ability,Commander,Torre di Comando,pokeapi:ability_names.csv
ability,Competitive,Tenacia,pokeapi:ability_names.csv
ability,Compound Eyes,Insettocchi,pokeapi:ability_names.csv
ability,Contrary,Inversione,pokeapi:ability_names.csv
ability,Corrosion,Corrosione,pokeapi:ability_names.csv
ability,Costar,Coprotagonismo,pokeapi:ability_names.csv
ability,Cotton Down,Lanugine,pokeapi:ability_names.csv
ability,Cud Chew,Ruminante,pokeapi:ability_names.csv
ability,Curious Medicine,Stranofarmaco,pokeapi:ability_names.csv
ability,Cursed Body,Corpofunesto,pokeapi:ability_names.csv
ability,Cute Charm,Incantevole,pokeapi:ability_names.csv
ability,Damp,Umidità,pokeapi:ability_names.csv
ability,Dancer,Sincrodanza,pokeapi:ability_names.csv
ability,Dark Aura,Auratetra,pokeapi:ability_names.csv
ability,Dauntless Shield,Scudo Saldo,pokeapi:ability_names.csv
ability,Dazzling,Corposgargiante,pokeapi:ability_names.csv
ability,Defeatist,Sconforto,pokeapi:ability_names.csv
ability,Defiant,Agonismo,pokeapi:ability_names.csv
ability,Delta Stream,Flusso Delta,pokeapi:ability_names.csv
ability,Desolate Land,Terra Estrema,pokeapi:ability_names.csv
ability,Disguise,Fantasmanto,pokeapi:ability_names.csv
ability,Download,Download,pokeapi:ability_names.csv
ability,Dragonize,Pelledrago,pokeapi:ability_names.csv
ability,Dragon’s Maw,Dragomascelle,pokeapi:ability_names.csv
ability,Drizzle,Piovischio,pokeapi:ability_names.csv
ability,Drought,Siccità,pokeapi:ability_names.csv
ability,Dry Skin,Pellearsa,pokeapi:ability_names.csv
ability,Early Bird,Sveglialampo,pokeapi:ability_names.csv
ability,Earth Eater,Mangiaterra,pokeapi:ability_names.csv
ability,Effect Spore,Spargispora,pokeapi:ability_names.csv
ability,Electric Surge,Elettrogenesi,pokeapi:ability_names.csv
ability,Electromorphosis,Convertivolt,pokeapi:ability_names.csv
ability,Embody Aspect,Albergamemorie,pokeapi:ability_names.csv
ability,Emergency Exit,Passoindietro,pokeapi:ability_names.csv
ability,Fairy Aura,Aurafolletto,pokeapi:ability_names.csv
ability,Filter,Filtro,pokeapi:ability_names.csv
ability,Flame Body,Corpodifuoco,pokeapi:ability_names.csv
ability,Flare Boost,Bruciaimpeto,pokeapi:ability_names.csv
ability,Flash Fire,Fuocardore,pokeapi:ability_names.csv
ability,Flower Gift,Regalfiore,pokeapi:ability_names.csv
ability,Flower Veil,Fiorvelo,pokeapi:ability_names.csv
ability,Fluffy,Morbidone,pokeapi:ability_names.csv
ability,Forecast,Previsioni,pokeapi:ability_names.csv
ability,Forewarn,Premonizione,pokeapi:ability_names.csv
ability,Friend Guard,Amicoscudo,pokeapi:ability_names.csv
ability,Frisk,Indagine,pokeapi:ability_names.csv
ability,Full Metal Body,Metalprotezione,pokeapi:ability_names.csv
ability,Fur Coat,Foltopelo,pokeapi:ability_names.csv
ability,Gale Wings,Aliraffica,pokeapi:ability_names.csv
ability,Galvanize,Pellelettro,pokeapi:ability_names.csv
ability,Gluttony,Voracità,pokeapi:ability_names.csv
ability,Good as Gold,Corpo Aureo,pokeapi:ability_names.csv
ability,Gooey,Viscosità,pokeapi:ability_names.csv
ability,Gorilla Tactics,Vigorilla,pokeapi:ability_names.csv
ability,Grass Pelt,Peloderba,pokeapi:ability_names.csv
ability,Grassy Surge,Erbogenesi,pokeapi:ability_names.csv
ability,Grim Neigh,Nitrito Nero,pokeapi:ability_names.csv
ability,Guard Dog,Cane da Guardia,pokeapi:ability_names.csv
ability,Gulp Missile,Inghiottimissile,pokeapi:ability_names.csv
ability,Guts,Dentistretti,pokeapi:ability_names.csv
ability,Hadron Engine,Motore Adronico,pokeapi:ability_names.csv
ability,Harvest,Coglibacche,pokeapi:ability_names.csv
ability,Healer,Curacuore,pokeapi:ability_names.csv
ability,Heatproof,Antifuoco,pokeapi:ability_names.csv
ability,Heavy Metal,Metalpesante,pokeapi:ability_names.csv
ability,Honey Gather,Mielincetta,pokeapi:ability_names.csv
ability,Hospitality,Ospitalità,pokeapi:ability_names.csv
ability,Huge Power,Macroforza,pokeapi:ability_names.csv
ability,Hunger Switch,Pancialterna,pokeapi:ability_names.csv
ability,Hustle,Tuttafretta,pokeapi:ability_names.csv
ability,Hydration,Idratazione,pokeapi:ability_names.csv
ability,Hyper Cutter,Ipertaglio,pokeapi:ability_names.csv
ability,Ice Body,Corpogelo,pokeapi:ability_names.csv
ability,Ice Face,Gelofaccia,pokeapi:ability_names.csv
ability,Ice Scales,Geloscaglie,pokeapi:ability_names.csv
ability,Illuminate,Risplendi,pokeapi:ability_names.csv
ability,Illusion,Illusione,pokeapi:ability_names.csv
ability,Immunity,Immunità,pokeapi:ability_names.csv
ability,Imposter,Sosia,pokeapi:ability_names.csv
ability,Infiltrator,Intrapasso,pokeapi:ability_names.csv
ability,Innards Out,Espellinterno,pokeapi:ability_names.csv
ability,Inner Focus,Forza Interiore,pokeapi:ability_names.csv
ability,Insomnia,Insonnia,pokeapi:ability_names.csv
ability,Intimidate,Prepotenza,pokeapi:ability_names.csv
ability,Intrepid Sword,Spada Indomita,pokeapi:ability_names.csv
ability,Iron Barbs,Spineferrate,pokeapi:ability_names.csv
ability,Iron Fist,Ferropugno,pokeapi:ability_names.csv
ability,Justified,Giustizia,pokeapi:ability_names.csv
ability,Keen Eye,Sguardofermo,pokeapi:ability_names.csv
ability,Klutz,Impaccio,pokeapi:ability_names.csv
ability,Leaf Guard,Fogliamanto,pokeapi:ability_names.csv
ability,Levitate,Levitazione,pokeapi:ability_names.csv
ability,Libero,Libero,pokeapi:ability_names.csv
ability,Light Metal,Metalleggero,pokeapi:ability_names.csv
ability,Lightning Rod,Parafulmine,pokeapi:ability_names.csv
ability,Limber,Scioltezza,pokeapi:ability_names.csv
ability,Lingering Aroma,Odore Tenace,pokeapi:ability_names.csv
ability,Liquid Ooze,Melma,pokeapi:ability_names.csv
ability,Liquid Voice,Idrovoce,pokeapi:ability_names.csv
ability,Long Reach,Distacco,pokeapi:ability_names.csv
ability,Magic Bounce,Magispecchio,pokeapi:ability_names.csv
ability,Magic Guard,Magicscudo,pokeapi:ability_names.csv
ability,Magician,Prestigiatore,pokeapi:ability_names.csv
ability,Magma Armor,Magmascudo,pokeapi:ability_names.csv
ability,Magnet Pull,Magnetismo,pokeapi:ability_names.csv
ability,Marvel Scale,Pelledura,pokeapi:ability_names.csv
ability,Mega Launcher,Megalancio,pokeapi:ability_names.csv
ability,Mega Sol,Megasolar,pokeapi:ability_names.csv
ability,Merciless,Spietatezza,pokeapi:ability_names.csv
ability,Mimicry,Mimetismo,pokeapi:ability_names.csv
ability,Mind’s Eye,Occhio Interiore,pokeapi:ability_names.csv
ability,Minus,Meno,pokeapi:ability_names.csv
ability,Mirror Armor,Blindospecchio,pokeapi:ability_names.csv
ability,Misty Surge,Nebbiogenesi,pokeapi:ability_names.csv
ability,Mold Breaker,Rompiforma,pokeapi:ability_names.csv
ability,Moody,Altalena,pokeapi:ability_names.csv
ability,Motor Drive,Elettrorapid,pokeapi:ability_names.csv
ability,Moxie,Arroganza,pokeapi:ability_names.csv
ability,Multiscale,Multisquame,pokeapi:ability_names.csv
ability,Multitype,Multitipo,pokeapi:ability_names.csv
ability,Mummy,Mummia,pokeapi:ability_names.csv
ability,Mycelium Might,Micoforza,pokeapi:ability_names.csv
ability,Natural Cure,Alternacura,pokeapi:ability_names.csv
ability,Neuroforce,Cerebroforza,pokeapi:ability_names.csv
ability,Neutralizing Gas,Gas Reagente,pokeapi:ability_names.csv
ability,No Guard,Nullodifesa,pokeapi:ability_names.csv
ability,Normalize,Normalità,pokeapi:ability_names.csv
ability,Oblivious,Indifferenza,pokeapi:ability_names.csv
ability,Opportunist,Scrocco,pokeapi:ability_names.csv
ability,Orichalcum Pulse,Ritmo d’Oricalco,pokeapi:ability_names.csv
ability,Overcoat,Copricapo,pokeapi:ability_names.csv
ability,Overgrow,Erbaiuto,pokeapi:ability_names.csv
ability,Own Tempo,Mente Locale,pokeapi:ability_names.csv
ability,Parental Bond,Amorefiliale,pokeapi:ability_names.csv
ability,Pastel Veil,Pastelvelo,pokeapi:ability_names.csv
ability,Perish Body,Ultimotocco,pokeapi:ability_names.csv
ability,Pickpocket,Arraffalesto,pokeapi:ability_names.csv
ability,Pickup,Raccolta,pokeapi:ability_names.csv
ability,Piercing Drill,Punta Perforante,pokeapi:ability_names.csv
ability,Pixilate,Pellefolletto,pokeapi:ability_names.csv
ability,Plus,Più,pokeapi:ability_names.csv
ability,Poison Heal,Velencura,pokeapi:ability_names.csv
ability,Poison Point,Velenopunto,pokeapi:ability_names.csv
ability,Poison Puppeteer,Malia Tossica,pokeapi:ability_names.csv
ability,Poison Touch,Velentocco,pokeapi:ability_names.csv
ability,Power Construct,Sciamefusione,pokeapi:ability_names.csv
ability,Power Spot,Fonte Energetica,pokeapi:ability_names.csv
ability,Power of Alchemy,Forza Chimica,pokeapi:ability_names.csv
ability,Prankster,Burla,pokeapi:ability_names.csv
ability,Pressure,Pressione,pokeapi:ability_names.csv
ability,Primordial Sea,Mare Primordiale,pokeapi:ability_names.csv
ability,Prism Armor,Scudoprisma,pokeapi:ability_names.csv
ability,Propeller Tail,Elicopinna,pokeapi:ability_names.csv
ability,Protean,Mutatipo,pokeapi:ability_names.csv
ability,Protosynthesis,Paleoattivazione,pokeapi:ability_names.csv
ability,Psychic Surge,Psicogenesi,pokeapi:ability_names.csv
ability,Punk Rock,Punk Rock,pokeapi:ability_names.csv
ability,Pure Power,Forzapura,pokeapi:ability_names.csv
ability,Purifying Salt,Sale Purificante,pokeapi:ability_names.csv
ability,Quark Drive,Carica Quark,pokeapi:ability_names.csv
ability,Queenly Majesty,Regalità,pokeapi:ability_names.csv
ability,Quick Draw,Colpolesto,pokeapi:ability_names.csv
ability,Quick Feet,Piedisvelti,pokeapi:ability_names.csv
ability,RKS System,Sistema Primevo,pokeapi:ability_names.csv
ability,Rain Dish,Copripioggia,pokeapi:ability_names.csv
ability,Rattled,Paura,pokeapi:ability_names.csv
ability,Receiver,Ricezione,pokeapi:ability_names.csv
ability,Reckless,Temerarietà,pokeapi:ability_names.csv
ability,Refrigerate,Pellegelo,pokeapi:ability_names.csv
ability,Regenerator,Rigenergia,pokeapi:ability_names.csv
ability,Ripen,Maturazione,pokeapi:ability_names.csv
ability,Rivalry,Antagonismo,pokeapi:ability_names.csv
ability,Rock Head,Testadura,pokeapi:ability_names.csv
ability,Rocky Payload,Portamassi,pokeapi:ability_names.csv
ability,Rough Skin,Cartavetro,pokeapi:ability_names.csv
ability,Run Away,Fugafacile,pokeapi:ability_names.csv
ability,Sand Force,Silicoforza,pokeapi:ability_names.csv
ability,Sand Rush,Remasabbia,pokeapi:ability_names.csv
ability,Sand Spit,Sputasabbia,pokeapi:ability_names.csv
ability,Sand Stream,Sabbiafiume,pokeapi:ability_names.csv
ability,Sand Veil,Sabbiavelo,pokeapi:ability_names.csv
ability,Sap Sipper,Mangiaerba,pokeapi:ability_names.csv
ability,Schooling,Banco,pokeapi:ability_names.csv
ability,Scrappy,Nervisaldi,pokeapi:ability_names.csv
ability,Screen Cleaner,Annullabarriere,pokeapi:ability_names.csv
ability,Seed Sower,Spargisemi,pokeapi:ability_names.csv
ability,Serene Grace,Leggiadro,pokeapi:ability_names.csv
ability,Shadow Shield,Spettroguardia,pokeapi:ability_names.csv
ability,Shadow Tag,Pedinombra,pokeapi:ability_names.csv
ability,Sharpness,Affilama,pokeapi:ability_names.csv
ability,Shed Skin,Muta,pokeapi:ability_names.csv
ability,Sheer Force,Forzabruta,pokeapi:ability_names.csv
ability,Shell Armor,Guscioscudo,pokeapi:ability_names.csv
ability,Shield Dust,Polvoscudo,pokeapi:ability_names.csv
ability,Shields Down,Scudosoglia,pokeapi:ability_names.csv
ability,Simple,Disinvoltura,pokeapi:ability_names.csv
ability,Skill Link,Abillegame,pokeapi:ability_names.csv
ability,Slow Start,Lentoinizio,pokeapi:ability_names.csv
ability,Slush Rush,Spalaneve,pokeapi:ability_names.csv
ability,Sniper,Cecchino,pokeapi:ability_names.csv
ability,Snow Cloak,Mantelneve,pokeapi:ability_names.csv
ability,Snow Warning,Scendineve,pokeapi:ability_names.csv
ability,Solar Power,Solarpotere,pokeapi:ability_names.csv
ability,Solid Rock,Solidroccia,pokeapi:ability_names.csv
ability,Soul-Heart,Cuoreanima,pokeapi:ability_names.csv
ability,Soundproof,Antisuono,pokeapi:ability_names.csv
ability,Speed Boost,Acceleratore,pokeapi:ability_names.csv
ability,Spicy Spray,Spargipiccante,pokeapi:ability_names.csv
ability,Stakeout,Sorveglianza,pokeapi:ability_names.csv
ability,Stall,Rallentatore,pokeapi:ability_names.csv
ability,Stalwart,Volontà di Ferro,pokeapi:ability_names.csv
ability,Stamina,Sopportazione,pokeapi:ability_names.csv
ability,Stance Change,Accendilotta,pokeapi:ability_names.csv
ability,Static,Statico,pokeapi:ability_names.csv
ability,Steadfast,Cuordeciso,pokeapi:ability_names.csv
ability,Steam Engine,Vapormacchina,pokeapi:ability_names.csv
ability,Steelworker,Tempracciaio,pokeapi:ability_names.csv
ability,Steely Spirit,Spiritoferreo,pokeapi:ability_names.csv
ability,Stench,Tanfo,pokeapi:ability_names.csv
ability,Sticky Hold,Antifurto,pokeapi:ability_names.csv
ability,Storm Drain,Acquascolo,pokeapi:ability_names.csv
ability,Strong Jaw,Ferromascella,pokeapi:ability_names.csv
ability,Sturdy,Vigore,pokeapi:ability_names.csv
ability,Suction Cups,Ventose,pokeapi:ability_names.csv
ability,Super Luck,Supersorte,pokeapi:ability_names.csv
ability,Supersweet Syrup,Sciroppo Sublime,pokeapi:ability_names.csv
ability,Supreme Overlord,Generale Supremo,pokeapi:ability_names.csv
ability,Surge Surfer,Codasurf,pokeapi:ability_names.csv
ability,Swarm,Aiutinsetto,pokeapi:ability_names.csv
ability,Sweet Veil,Dolcevelo,pokeapi:ability_names.csv
ability,Swift Swim,Nuotovelox,pokeapi:ability_names.csv
ability,Sword of Ruin,Spada Nefasta,pokeapi:ability_names.csv
ability,Symbiosis,Simbiosi,pokeapi:ability_names.csv
ability,Synchronize,Sincronismo,pokeapi:ability_names.csv
ability,Tablets of Ruin,Amuleto Nefasto,pokeapi:ability_names.csv
ability,Tangled Feet,Intricopiedi,pokeapi:ability_names.csv
ability,Tangling Hair,Boccolidoro,pokeapi:ability_names.csv
ability,Technician,Tecnico,pokeapi:ability_names.csv
ability,Telepathy,Telepatia,pokeapi:ability_names.csv
ability,Tera Shell,Teraguscio,pokeapi:ability_names.csv
ability,Tera Shift,Teramorfosi,pokeapi:ability_names.csv
ability,Teraform Zero,Zeroformazione,pokeapi:ability_names.csv
ability,Teravolt,Teravolt,pokeapi:ability_names.csv
ability,Thermal Exchange,Termoscambio,pokeapi:ability_names.csv
ability,Thick Fat,Grassospesso,pokeapi:ability_names.csv
ability,Tinted Lens,Lentifumé,pokeapi:ability_names.csv
ability,Torrent,Acquaiuto,pokeapi:ability_names.csv
ability,Tough Claws,Unghiedure,pokeapi:ability_names.csv
ability,Toxic Boost,Velenimpeto,pokeapi:ability_names.csv
ability,Toxic Chain,Catena Tossica,pokeapi:ability_names.csv
ability,Toxic Debris,Mantossina,pokeapi:ability_names.csv
ability,Trace,Traccia,pokeapi:ability_names.csv
ability,Transistor,Transistor,pokeapi:ability_names.csv
ability,Triage,Primacura,pokeapi:ability_names.csv
ability,Truant,Pigrone,pokeapi:ability_names.csv
ability,Turboblaze,Piroturbina,pokeapi:ability_names.csv
ability,Unaware,Imprudenza,pokeapi:ability_names.csv
ability,Unburden,Agiltecnica,pokeapi:ability_names.csv
ability,Unnerve,Agitazione,pokeapi:ability_names.csv
ability,Unseen Fist,Pugni Invisibili,pokeapi:ability_names.csv
ability,Vessel of Ruin,Vaso Nefasto,pokeapi:ability_names.csv
ability,Victory Star,Vittorstella,pokeapi:ability_names.csv
ability,Vital Spirit,Spiritovivo,pokeapi:ability_names.csv
ability,Volt Absorb,Assorbivolt,pokeapi:ability_names.csv
ability,Wandering Spirit,Anima Errante,pokeapi:ability_names.csv
ability,Water Absorb,Assorbacqua,pokeapi:ability_names.csv
ability,Water Bubble,Bolladacqua,pokeapi:ability_names.csv
ability,Water Compaction,Idrorinforzo,pokeapi:ability_names.csv
ability,Water Veil,Idrovelo,pokeapi:ability_names.csv
ability,Weak Armor,Sottilguscio,pokeapi:ability_names.csv
ability,Well-Baked Body,Bentostato,pokeapi:ability_names.csv
ability,White Smoke,Fumochiaro,pokeapi:ability_names.csv
ability,Wimp Out,Fuggifuggi,pokeapi:ability_names.csv
ability,Wind Power,Energia Eolica,pokeapi:ability_names.csv
ability,Wind Rider,Vento Propizio,pokeapi:ability_names.csv
ability,Wonder Guard,Magidifesa,pokeapi:ability_names.csv
ability,Wonder Skin,Splendicute,pokeapi:ability_names.csv
ability,Zen Mode,Stato Zen,pokeapi:ability_names.csv
ability,Zero to Hero,Supercambio,pokeapi:ability_names.csv
characteristic,A little quick tempered,Si arrabbia facilmente,pokeapi:characteristic_text.csv
characteristic,Alert to sounds,Fa attenzione ai suoni,pokeapi:characteristic_text.csv
characteristic,Capable of taking hits,È forte in attacco,pokeapi:characteristic_text.csv
characteristic,Good endurance,È molto paziente,pokeapi:characteristic_text.csv
characteristic,Good perseverance,È molto tenace,pokeapi:characteristic_text.csv
characteristic,Hates to lose,Non sopporta perdere,pokeapi:characteristic_text.csv
characteristic,Highly curious,È un grande ficcanaso,pokeapi:characteristic_text.csv
characteristic,Highly persistent,È molto ostinato,pokeapi:characteristic_text.csv
characteristic,Impetuous and silly,È irruente e semplice,pokeapi:characteristic_text.csv
characteristic,Likes to fight,Adora lottare,pokeapi:characteristic_text.csv
characteristic,Likes to relax,Adora rilassarsi,pokeapi:characteristic_text.csv
characteristic,Likes to run,Adora andare veloce,pokeapi:characteristic_text.csv
characteristic,Likes to thrash about,Adora dimenarsi,pokeapi:characteristic_text.csv
characteristic,Loves to eat,Adora mangiare,pokeapi:characteristic_text.csv
characteristic,Mischievous,È alquanto vivace,pokeapi:characteristic_text.csv
characteristic,Nods off a lot,Dorme a lungo,pokeapi:characteristic_text.csv
characteristic,Often lost in thought,Si perde nel suo mondo,pokeapi:characteristic_text.csv
characteristic,Proud of its power,La forza è il suo vanto,pokeapi:characteristic_text.csv
characteristic,Quick tempered,È facilmente irritabile,pokeapi:characteristic_text.csv
characteristic,Quick to flee,Sa fuggire velocemente,pokeapi:characteristic_text.csv
characteristic,Scatters things often,Lascia cose in giro,pokeapi:characteristic_text.csv
characteristic,Somewhat of a clown,È una specie di buffone,pokeapi:characteristic_text.csv
characteristic,Somewhat stubborn,È un po’ testardo,pokeapi:characteristic_text.csv
characteristic,Somewhat vain,È abbastanza superficiale,pokeapi:characteristic_text.csv
characteristic,Strong willed,Sa il fatto suo,pokeapi:characteristic_text.csv
characteristic,Strongly defiant,È molto insolente,pokeapi:characteristic_text.csv
characteristic,Sturdy body,Ha un corpo robusto,pokeapi:characteristic_text.csv
characteristic,Takes plenty of siestas,Si addormenta spesso,pokeapi:characteristic_text.csv
characteristic,Thoroughly cunning,È estremamente sagace,pokeapi:characteristic_text.csv
characteristic,Very finicky,È molto esigente,pokeapi:characteristic_text.csv
color,Black,Nero,pokeapi:pokemon_color_names.csv
color,Blue,Blu,pokeapi:pokemon_color_names.csv
color,Brown,Marrone,pokeapi:pokemon_color_names.csv
color,Gray,Grigio,pokeapi:pokemon_color_names.csv
color,Green,Verde,pokeapi:pokemon_color_names.csv
color,Pink,Rosa,pokeapi:pokemon_color_names.csv
color,Purple,Viola,pokeapi:pokemon_color_names.csv
color,Red,Rosso,pokeapi:pokemon_color_names.csv
color,White,Bianco,pokeapi:pokemon_color_names.csv
color,Yellow,Giallo,pokeapi:pokemon_color_names.csv
egg_group,Amorphous,Amorfo,pokeapi:egg_group_prose.csv
egg_group,Bug,Coleottero,pokeapi:egg_group_prose.csv
egg_group,Ditto,Ditto,pokeapi:egg_group_prose.csv
egg_group,Dragon,Drago,pokeapi:egg_group_prose.csv
egg_group,Fairy,Magico,pokeapi:egg_group_prose.csv
egg_group,Field,Campo,pokeapi:egg_group_prose.csv
egg_group,Flying,Volante,pokeapi:egg_group_prose.csv
egg_group,Grass,Erba,pokeapi:egg_group_prose.csv
egg_group,Human-Like,Umanoide,pokeapi:egg_group_prose.csv
egg_group,Mineral,Minerale,pokeapi:egg_group_prose.csv
egg_group,Monster,Mostro,pokeapi:egg_group_prose.csv
egg_group,Undiscovered,Non ancora scoperto,pokeapi:egg_group_prose.csv
egg_group,Water 1,Acqua 1,pokeapi:egg_group_prose.csv
egg_group,Water 2,Acqua 2,pokeapi:egg_group_prose.csv
egg_group,Water 3,Acqua 3,pokeapi:egg_group_prose.csv
genus,Abundance,Fertilità,pokeapi:pokemon_species_names.csv
genus,Acorn,Ghianda,pokeapi:pokemon_species_names.csv
genus,Alloy,Metallolega,pokeapi:pokemon_species_names.csv
genus,Alpha,Primevo,pokeapi:pokemon_species_names.csv
genus,Angler,Pescatore,pokeapi:pokemon_species_names.csv
genus,Ant Pit,Trappola,pokeapi:pokemon_species_names.csv
genus,Anteater,Formichiere,pokeapi:pokemon_species_names.csv
genus,Antenna,Antenna,pokeapi:pokemon_species_names.csv
genus,Apple Core,Pomicolo,pokeapi:pokemon_species_names.csv
genus,Apple Nectar,Pomisucco,pokeapi:pokemon_species_names.csv
genus,Apple Wing,Pomivolo,pokeapi:pokemon_species_names.csv
genus,Aqua Mouse,Acquatopo,pokeapi:pokemon_species_names.csv
genus,Aqua Rabbit,Acquniglio,pokeapi:pokemon_species_names.csv
genus,Arm Thrust,Sberletese,pokeapi:pokemon_species_names.csv
genus,Armor,Armatura,pokeapi:pokemon_species_names.csv
genus,Armor Bird,Armuccello,pokeapi:pokemon_species_names.csv
genus,Arrow Quill,Alifreccia,pokeapi:pokemon_species_names.csv
genus,Artificial,Artificiale,pokeapi:pokemon_species_names.csv
genus,Astral Body,Corpoceleste,pokeapi:pokemon_species_names.csv
genus,Atrocious,Atroce,pokeapi:pokemon_species_names.csv
genus,Attaching,Appiccicante,pokeapi:pokemon_species_names.csv
genus,Aura,Aura,pokeapi:pokemon_species_names.csv
genus,Aurora,Aurora,pokeapi:pokemon_species_names.csv
genus,Automaton,Statuanimata,pokeapi:pokemon_species_names.csv
genus,Avianoid,Pseuduccello,pokeapi:pokemon_species_names.csv
genus,Axe,Scure,pokeapi:pokemon_species_names.csv
genus,Axe Jaw,Mascellascia,pokeapi:pokemon_species_names.csv
genus,Baby,Bebè,pokeapi:pokemon_species_names.csv
genus,Bagworm,Larva,pokeapi:pokemon_species_names.csv
genus,Ball,Ball,pokeapi:pokemon_species_names.csv
genus,Ball Roll,Rotapalla,pokeapi:pokemon_species_names.csv
genus,Ball Whale,Balenottero,pokeapi:pokemon_species_names.csv
genus,Balloon,Pallone,pokeapi:pokemon_species_names.csv
genus,Barnacle,Lepade,pokeapi:pokemon_species_names.csv
genus,Barrier,Barriera,pokeapi:pokemon_species_names.csv
genus,Bash Buffalo,Sfondatoro,pokeapi:pokemon_species_names.csv
genus,Bat,Pipistrello,pokeapi:pokemon_species_names.csv
genus,Battery,Batteria,pokeapi:pokemon_species_names.csv
genus,Beak,Becco,pokeapi:pokemon_species_names.csv
genus,Beat,Ritmo,pokeapi:pokemon_species_names.csv
genus,Beaver,Castoro,pokeapi:pokemon_species_names.csv
genus,Beckon,Ipnosguardo,pokeapi:pokemon_species_names.csv
genus,Bee Fly,Bombilide,pokeapi:pokemon_species_names.csv
genus,Beehive,Alveare,pokeapi:pokemon_species_names.csv
genus,Bell,Sonaglio,pokeapi:pokemon_species_names.csv
genus,Big Boss,Grancapo,pokeapi:pokemon_species_names.csv
genus,Big Eater,Ghiottone,pokeapi:pokemon_species_names.csv
genus,Big Fish,Pescegrosso,pokeapi:pokemon_species_names.csv
genus,Big Horn,Grancorno,pokeapi:pokemon_species_names.csv
genus,Big Jaw,Mascellone,pokeapi:pokemon_species_names.csv
genus,Big Rock,Megalito,pokeapi:pokemon_species_names.csv
genus,Big Voice,Vocione,pokeapi:pokemon_species_names.csv
genus,Big-Hearted,Generosità,pokeapi:pokemon_species_names.csv
genus,Bird,Uccello,pokeapi:pokemon_species_names.csv
genus,Bite,Morso,pokeapi:pokemon_species_names.csv
genus,Bivalve,Bivalve,pokeapi:pokemon_species_names.csv
genus,Black Tea,Tè,pokeapi:pokemon_species_names.csv
genus,Blade,Lama,pokeapi:pokemon_species_names.csv
genus,Blade Quill,Piumaffilata,pokeapi:pokemon_species_names.csv
genus,Blast,Esplosivo,pokeapi:pokemon_species_names.csv
genus,Blast Turtle,Tartabomba,pokeapi:pokemon_species_names.csv
genus,Blaze,Vampe,pokeapi:pokemon_species_names.csv
genus,Blazing,Altefiamme,pokeapi:pokemon_species_names.csv
genus,Blimp,Dirigibile,pokeapi:pokemon_species_names.csv
genus,Blocking,Bloccaggio,pokeapi:pokemon_species_names.csv
genus,Bloom Sickle,Mantifiore,pokeapi:pokemon_species_names.csv
genus,Blossom,Bocciolo,pokeapi:pokemon_species_names.csv
genus,Bolt Strike,Fulminante,pokeapi:pokemon_species_names.csv
genus,Bone Keeper,Guardaossi,pokeapi:pokemon_species_names.csv
genus,Bone Vulture,Ossaquila,pokeapi:pokemon_species_names.csv
genus,Bonsai,Bonsai,pokeapi:pokemon_species_names.csv
genus,Bounce,Molla,pokeapi:pokemon_species_names.csv
genus,Boundary,Confine,pokeapi:pokemon_species_names.csv
genus,Bouquet,Floreale,pokeapi:pokemon_species_names.csv
genus,Boxing,Pugile,pokeapi:pokemon_species_names.csv
genus,Bright,Brillante,pokeapi:pokemon_species_names.csv
genus,Bronze,Bronzo,pokeapi:pokemon_species_names.csv
genus,Bronze Bell,Squibronzo,pokeapi:pokemon_species_names.csv
genus,Brutal,Brutale,pokeapi:pokemon_species_names.csv
genus,Brutal Star,Stellatroce,pokeapi:pokemon_species_names.csv
genus,Bubble Frog,Schiumorana,pokeapi:pokemon_species_names.csv
genus,Bubble Jet,Bollajet,pokeapi:pokemon_species_names.csv
genus,Bud,Germoglio,pokeapi:pokemon_species_names.csv
genus,Bug Catcher,Insettivoro,pokeapi:pokemon_species_names.csv
genus,Bugle Beak,Trombecco,pokeapi:pokemon_species_names.csv
genus,Bulb,Radice,pokeapi:pokemon_species_names.csv
genus,Bulk Up,Granfisico,pokeapi:pokemon_species_names.csv
genus,Butterfly,Farfalla,pokeapi:pokemon_species_names.csv
genus,Cactus,Cactus,pokeapi:pokemon_species_names.csv
genus,Calm,Calma,pokeapi:pokemon_species_names.csv
genus,Candle,Candela,pokeapi:pokemon_species_names.csv
genus,Cannon,Cannone,pokeapi:pokemon_species_names.csv
genus,Carefree,Spensierato,pokeapi:pokemon_species_names.csv
genus,Caretaker,Sostegno,pokeapi:pokemon_species_names.csv
genus,Caring,Assistenza,pokeapi:pokemon_species_names.csv
genus,Cat Ferret,Furogatto,pokeapi:pokemon_species_names.csv
genus,Catty,Felide,pokeapi:pokemon_species_names.csv
genus,Cavalry,Cavaliere,pokeapi:pokemon_species_names.csv
genus,Cave,Grotta,pokeapi:pokemon_species_names.csv
genus,Cavern,Caverna,pokeapi:pokemon_species_names.csv
genus,Cell,Cellula,pokeapi:pokemon_species_names.csv
genus,Centipede,Centipede,pokeapi:pokemon_species_names.csv
genus,Cerebral,Cervello,pokeapi:pokemon_species_names.csv
genus,Cheeky,Guancepiene,pokeapi:pokemon_species_names.csv
genus,Cheering,Incitamento,pokeapi:pokemon_species_names.csv
genus,Cherry,Ciliegia,pokeapi:pokemon_species_names.csv
genus,Chick,Pulcino,pokeapi:pokemon_species_names.csv
genus,Chill,Freddo,pokeapi:pokemon_species_names.csv
genus,Chimp,Scimpanzé,pokeapi:pokemon_species_names.csv
genus,Chinchilla,Cincillà,pokeapi:pokemon_species_names.csv
genus,Clamping,Addentatore,pokeapi:pokemon_species_names.csv
genus,Clap,Rotolante,pokeapi:pokemon_species_names.csv
genus,Classy Cat,Nobilgatto,pokeapi:pokemon_species_names.csv
genus,Clay Doll,Argilla,pokeapi:pokemon_species_names.csv
genus,Clear Wing,Alachiara,pokeapi:pokemon_species_names.csv
genus,Coal,Carbone,pokeapi:pokemon_species_names.csv
genus,Cobra,Cobra,pokeapi:pokemon_species_names.csv
genus,Coconut,Nocecocco,pokeapi:pokemon_species_names.csv
genus,Cocoon,Bozzolo,pokeapi:pokemon_species_names.csv
genus,Coffin,Bara,pokeapi:pokemon_species_names.csv
genus,Collective,Aggregato,pokeapi:pokemon_species_names.csv
genus,Color Swap,Mutacolore,pokeapi:pokemon_species_names.csv
genus,Colossal,Colossale,pokeapi:pokemon_species_names.csv
genus,Colt,Puledro,pokeapi:pokemon_species_names.csv
genus,Comedian,Comico,pokeapi:pokemon_species_names.csv
genus,Compass,Bussola,pokeapi:pokemon_species_names.csv
genus,Compressed,Pressionalta,pokeapi:pokemon_species_names.csv
genus,Constraint,Temperanza,pokeapi:pokemon_species_names.csv
genus,Continent,Continente,pokeapi:pokemon_species_names.csv
genus,Copperderm,Bronzofante,pokeapi:pokemon_species_names.csv
genus,Coral,Corallo,pokeapi:pokemon_species_names.csv
genus,Cotton Bird,Alidicotone,pokeapi:pokemon_species_names.csv
genus,Cotton Bloom,Cotofronzolo,pokeapi:pokemon_species_names.csv
genus,Cotton Candy,Zuccherino,pokeapi:pokemon_species_names.csv
genus,Cotton Puff,Cotonpalla,pokeapi:pokemon_species_names.csv
genus,Cottonweed,Gramigna,pokeapi:pokemon_species_names.csv
genus,Courting,Cercamore,pokeapi:pokemon_species_names.csv
genus,Cream,Pannafresca,pokeapi:pokemon_species_names.csv
genus,Cricket,Grillo,pokeapi:pokemon_species_names.csv
genus,Cruel,Sanguefreddo,pokeapi:pokemon_species_names.csv
genus,Crystallizing,Cristallo,pokeapi:pokemon_species_names.csv
genus,Curlipede,Rotopede,pokeapi:pokemon_species_names.csv
genus,Cyclone,Turbinio,pokeapi:pokemon_species_names.csv
genus,DNA,DNA,pokeapi:pokemon_species_names.csv
genus,Dancing,Danza,pokeapi:pokemon_species_names.csv
genus,Dark,Buio,pokeapi:pokemon_species_names.csv
genus,Darkness,Oscurità,pokeapi:pokemon_species_names.csv
genus,Daunting,Occhiotruce,pokeapi:pokemon_species_names.csv
genus,Deceiver,Inganno,pokeapi:pokemon_species_names.csv
genus,Deep Black,Nero Ideale,pokeapi:pokemon_species_names.csv
genus,Deep Sea,Abissi,pokeapi:pokemon_species_names.csv
genus,Delivery,Consegna,pokeapi:pokemon_species_names.csv
genus,Desert Croc,Sabbiadrillo,pokeapi:pokemon_species_names.csv
genus,Despot,Tiranno,pokeapi:pokemon_species_names.csv
genus,Destruction,Distruzione,pokeapi:pokemon_species_names.csv
genus,Devious,Furbizia,pokeapi:pokemon_species_names.csv
genus,Diapered,Pannolino,pokeapi:pokemon_species_names.csv
genus,Digging,Scavabuche,pokeapi:pokemon_species_names.csv
genus,Disaster,Catastrofe,pokeapi:pokemon_species_names.csv
genus,Discharge,Scossa,pokeapi:pokemon_species_names.csv
genus,Discipline,Apprendista,pokeapi:pokemon_species_names.csv
genus,Disguise,Fantasmanto,pokeapi:pokemon_species_names.csv
genus,Diving,Immersione,pokeapi:pokemon_species_names.csv
genus,Dog,Cane,pokeapi:pokemon_species_names.csv
genus,Donkey,Ciuconiglio,pokeapi:pokemon_species_names.csv
genus,Dopey,Ronfone,pokeapi:pokemon_species_names.csv
genus,Draft Horse,Fortequino,pokeapi:pokemon_species_names.csv
genus,Dragon,Drago,pokeapi:pokemon_species_names.csv
genus,Dragon Orb,Dracosfera,pokeapi:pokemon_species_names.csv
genus,Drawn Sword,Spadatratta,pokeapi:pokemon_species_names.csv
genus,Dream Eater,Divorasogni,pokeapi:pokemon_species_names.csv
genus,Drill,Trapano,pokeapi:pokemon_species_names.csv
genus,Drowsing,Dormiveglia,pokeapi:pokemon_species_names.csv
genus,Drummer,Percussione,pokeapi:pokemon_species_names.csv
genus,Duck,Papero,pokeapi:pokemon_species_names.csv
genus,Eaglet,Aquilotto,pokeapi:pokemon_species_names.csv
genus,Egg,Uovo,pokeapi:pokemon_species_names.csv
genus,Elder Tree,Alberantico,pokeapi:pokemon_species_names.csv
genus,EleFish,Elettropesce,pokeapi:pokemon_species_names.csv
genus,EleSpider,Elettroragno,pokeapi:pokemon_species_names.csv
genus,EleSquirrel,Elescoiatto,pokeapi:pokemon_species_names.csv
genus,Electric,Elettrico,pokeapi:pokemon_species_names.csv
genus,Electrified,Caricavolt,pokeapi:pokemon_species_names.csv
genus,Electron,Elettrone,pokeapi:pokemon_species_names.csv
genus,Emanation,Emanazione,pokeapi:pokemon_species_names.csv
genus,Ember,Sfavillante,pokeapi:pokemon_species_names.csv
genus,Embrace,Abbraccio,pokeapi:pokemon_species_names.csv
genus,Emotion,Emozione,pokeapi:pokemon_species_names.csv
genus,Emperor,Imperatore,pokeapi:pokemon_species_names.csv
genus,Endurance,Resistenza,pokeapi:pokemon_species_names.csv
genus,Eon,Eone,pokeapi:pokemon_species_names.csv
genus,Eruption,Eruzione,pokeapi:pokemon_species_names.csv
genus,Evolution,Evoluzione,pokeapi:pokemon_species_names.csv
genus,Eyeball,Occhi,pokeapi:pokemon_species_names.csv
genus,Face,Tuttomuso,pokeapi:pokemon_species_names.csv
genus,Fairy,Fata,pokeapi:pokemon_species_names.csv
genus,Fang Scorpion,Scorpidente,pokeapi:pokemon_species_names.csv
genus,Fang Snake,Zannaserpe,pokeapi:pokemon_species_names.csv
genus,Feeling,Sensazione,pokeapi:pokemon_species_names.csv
genus,Fire Cat,Pirofelino,pokeapi:pokemon_species_names.csv
genus,Fire Horse,Cavalfuoco,pokeapi:pokemon_species_names.csv
genus,Fire Mouse,Fuocotopo,pokeapi:pokemon_species_names.csv
genus,Fire Pig,Suinfuoco,pokeapi:pokemon_species_names.csv
genus,Firefly,Lucciola,pokeapi:pokemon_species_names.csv
genus,Fireworks,Pirotecnico,pokeapi:pokemon_species_names.csv
genus,First Bird,Paleouccello,pokeapi:pokemon_species_names.csv
genus,Fish,Pesce,pokeapi:pokemon_species_names.csv
genus,Five Star,Pentastra,pokeapi:pokemon_species_names.csv
genus,Fixation,Fissosguardo,pokeapi:pokemon_species_names.csv
genus,Flailing,Bizzoso,pokeapi:pokemon_species_names.csv
genus,Flame,Fiamma,pokeapi:pokemon_species_names.csv
genus,Flash,Baleno,pokeapi:pokemon_species_names.csv
genus,Float Whale,Megabalena,pokeapi:pokemon_species_names.csv
genus,Floating,Fluttuante,pokeapi:pokemon_species_names.csv
genus,Flower,Fiore,pokeapi:pokemon_species_names.csv
genus,Flowering,Fiorfronzolo,pokeapi:pokemon_species_names.csv
genus,Fly Scorpion,Aliscorpio,pokeapi:pokemon_species_names.csv
genus,Flycatcher,Moschivoro,pokeapi:pokemon_species_names.csv
genus,Forbidden,Proibito,pokeapi:pokemon_species_names.csv
genus,Forest,Foresta,pokeapi:pokemon_species_names.csv
genus,Formation,Schieramento,pokeapi:pokemon_species_names.csv
genus,Formidable,Dignità,pokeapi:pokemon_species_names.csv
genus,Fossil,Fossile,pokeapi:pokemon_species_names.csv
genus,Fox,Volpe,pokeapi:pokemon_species_names.csv
genus,Fragrance,Fragranza,pokeapi:pokemon_species_names.csv
genus,Free Climb,Scalata,pokeapi:pokemon_species_names.csv
genus,Freeze,Gelo,pokeapi:pokemon_species_names.csv
genus,Freezing,Glaciale,pokeapi:pokemon_species_names.csv
genus,Fresh Snow,Nevefresca,pokeapi:pokemon_species_names.csv
genus,Frog,Rana,pokeapi:pokemon_species_names.csv
genus,Frost Moth,Gelofalena,pokeapi:pokemon_species_names.csv
genus,Frost Tree,Albergelo,pokeapi:pokemon_species_names.csv
genus,Fruit,Frutto,pokeapi:pokemon_species_names.csv
genus,Garden,Giardino,pokeapi:pokemon_species_names.csv
genus,Gas,Gas,pokeapi:pokemon_species_names.csv
genus,Gear,Ingranaggio,pokeapi:pokemon_species_names.csv
genus,Generator,Generatore,pokeapi:pokemon_species_names.csv
genus,Genetic,Genetico,pokeapi:pokemon_species_names.csv
genus,Geyser,Spruzzacqua,pokeapi:pokemon_species_names.csv
genus,Gigantic,Gigante,pokeapi:pokemon_species_names.csv
genus,Gleam Eyes,Occhiluce,pokeapi:pokemon_species_names.csv
genus,Gloomdweller,Vivinombra,pokeapi:pokemon_species_names.csv
genus,Glowing,Luminaria,pokeapi:pokemon_species_names.csv
genus,Gnash Teeth,Sfregadenti,pokeapi:pokemon_species_names.csv
genus,Goldfish,Pescerosso,pokeapi:pokemon_species_names.csv
genus,Grass Monkey,Scimperba,pokeapi:pokemon_species_names.csv
genus,Grass Quill,Aliderba,pokeapi:pokemon_species_names.csv
genus,Grass Snake,Serperba,pokeapi:pokemon_species_names.csv
genus,Grassland,Prateria,pokeapi:pokemon_species_names.csv
genus,Gratitude,Gratitudine,pokeapi:pokemon_species_names.csv
genus,Greedy,Ingordigia,pokeapi:pokemon_species_names.csv
genus,Gripper,Pinza,pokeapi:pokemon_species_names.csv
genus,Grove,Boschetto,pokeapi:pokemon_species_names.csv
genus,Grudge,Rancore,pokeapi:pokemon_species_names.csv
genus,Gulp,Inghiottone,pokeapi:pokemon_species_names.csv
genus,Guts,Coraggio,pokeapi:pokemon_species_names.csv
genus,Hairy Bug,Millepiedi,pokeapi:pokemon_species_names.csv
genus,Handstand,Verticale,pokeapi:pokemon_species_names.csv
genus,Happiness,Felicità,pokeapi:pokemon_species_names.csv
genus,Hard Scale,Blindato,pokeapi:pokemon_species_names.csv
genus,Hard Shell,Guscioduro,pokeapi:pokemon_species_names.csv
genus,Head Butt,Cranioso,pokeapi:pokemon_species_names.csv
genus,Hearing,Ascolto,pokeapi:pokemon_species_names.csv
genus,Heavyweight,Grandepeso,pokeapi:pokemon_species_names.csv
genus,Heel,Colpibassi,pokeapi:pokemon_species_names.csv
genus,Herb,Erbe,pokeapi:pokemon_species_names.csv
genus,Hermit Crab,Paguro,pokeapi:pokemon_species_names.csv
genus,Hex Nut,Bullone,pokeapi:pokemon_species_names.csv
genus,Hibernator,Letargo,pokeapi:pokemon_species_names.csv
genus,High Temp,Testacalda,pokeapi:pokemon_species_names.csv
genus,Hippo,Ippo,pokeapi:pokemon_species_names.csv
genus,Hoodlum,Furfante,pokeapi:pokemon_species_names.csv
genus,Hostile,Irruenza,pokeapi:pokemon_species_names.csv
genus,Howitzer,Acqualancio,pokeapi:pokemon_species_names.csv
genus,Human Shape,Umanoide,pokeapi:pokemon_species_names.csv
genus,Humming,Canterino,pokeapi:pokemon_species_names.csv
genus,Hypnosis,Ipnosi,pokeapi:pokemon_species_names.csv
genus,Ice Break,Spaccagelo,pokeapi:pokemon_species_names.csv
genus,Ice Chunk,Ghiacciolo,pokeapi:pokemon_species_names.csv
genus,Iceberg,Iceberg,pokeapi:pokemon_species_names.csv
genus,Icy Snow,Geloneve,pokeapi:pokemon_species_names.csv
genus,Illuminating,Luminescenza,pokeapi:pokemon_species_names.csv
genus,Illusion Fox,Mutevolpe,pokeapi:pokemon_species_names.csv
genus,Imitation,Imitazione,pokeapi:pokemon_species_names.csv
genus,Insect,Insetto,pokeapi:pokemon_species_names.csv
genus,Intertwining,Legame,pokeapi:pokemon_species_names.csv
genus,Intimidation,Minaccia,pokeapi:pokemon_species_names.csv
genus,Irate,Impeto,pokeapi:pokemon_species_names.csv
genus,Iron,Ferro,pokeapi:pokemon_species_names.csv
genus,Iron Ant,Ferformica,pokeapi:pokemon_species_names.csv
genus,Iron Armor,Corazza,pokeapi:pokemon_species_names.csv
genus,Iron Ball,Ferrosfera,pokeapi:pokemon_species_names.csv
genus,Iron Claw,Ferrunghia,pokeapi:pokemon_species_names.csv
genus,Iron Leg,Ferrarto,pokeapi:pokemon_species_names.csv
genus,Iron Snake,Ferroserpe,pokeapi:pokemon_species_names.csv
genus,Iron Will,Metalcuore,pokeapi:pokemon_species_names.csv
genus,Jellyfish,Medusa,pokeapi:pokemon_species_names.csv
genus,Jet,Jet,pokeapi:pokemon_species_names.csv
genus,Jewel,Gemma,pokeapi:pokemon_species_names.csv
genus,Jolly,Giocoso,pokeapi:pokemon_species_names.csv
genus,Jubilee,Festa,pokeapi:pokemon_species_names.csv
genus,Judo,Judo,pokeapi:pokemon_species_names.csv
genus,Jujitsu,Jujitsu,pokeapi:pokemon_species_names.csv
genus,Junkivore,Divoratutto,pokeapi:pokemon_species_names.csv
genus,Karate,Karate,pokeapi:pokemon_species_names.csv
genus,Key Ring,Portachiavi,pokeapi:pokemon_species_names.csv
genus,Kicking,Tiracalci,pokeapi:pokemon_species_names.csv
genus,King,Re,pokeapi:pokemon_species_names.csv
genus,Kiss,Bacio,pokeapi:pokemon_species_names.csv
genus,Kite,Aquilone,pokeapi:pokemon_species_names.csv
genus,Kitten,Micio,pokeapi:pokemon_species_names.csv
genus,Knowledge,Sapienza,pokeapi:pokemon_species_names.csv
genus,Lamp,Lanterna,pokeapi:pokemon_species_names.csv
genus,Land Shark,Squaloterra,pokeapi:pokemon_species_names.csv
genus,Land Snake,Terraserpe,pokeapi:pokemon_species_names.csv
genus,Land Spirit,Nume Locale,pokeapi:pokemon_species_names.csv
genus,Larva,Coleolarva,pokeapi:pokemon_species_names.csv
genus,Launch,Decollo,pokeapi:pokemon_species_names.csv
genus,Lava,Lava,pokeapi:pokemon_species_names.csv
genus,Lava Dome,Cratere,pokeapi:pokemon_species_names.csv
genus,Lazy,Pigrizia,pokeapi:pokemon_species_names.csv
genus,Leaf,Foglia,pokeapi:pokemon_species_names.csv
genus,Leaf-Wrapped,Coprifoglia,pokeapi:pokemon_species_names.csv
genus,Legendary,Leggenda,pokeapi:pokemon_species_names.csv
genus,Licking,Linguaccia,pokeapi:pokemon_species_names.csv
genus,Life,Creazione,pokeapi:pokemon_species_names.csv
genus,Light,Luce,pokeapi:pokemon_species_names.csv
genus,Lightning,Luminoso,pokeapi:pokemon_species_names.csv
genus,Lingering,Risentimento,pokeapi:pokemon_species_names.csv
genus,Lion Cub,Leoncino,pokeapi:pokemon_species_names.csv
genus,Lissome,Leggiadria,pokeapi:pokemon_species_names.csv
genus,Little Bear,Orsetto,pokeapi:pokemon_species_names.csv
genus,Live Coal,Carbonvivo,pokeapi:pokemon_species_names.csv
genus,Lizard,Lucertola,pokeapi:pokemon_species_names.csv
genus,Loitering,Pattuglia,pokeapi:pokemon_species_names.csv
genus,Lonely,Solitario,pokeapi:pokemon_species_names.csv
genus,Long Body,Lungocorpo,pokeapi:pokemon_species_names.csv
genus,Long Leg,Lungazampa,pokeapi:pokemon_species_names.csv
genus,Long Neck,Lungocollo,pokeapi:pokemon_species_names.csv
genus,Long Nose,Nasone,pokeapi:pokemon_species_names.csv
genus,Long Tail,Lungacoda,pokeapi:pokemon_species_names.csv
genus,Longevity,Longevità,pokeapi:pokemon_species_names.csv
genus,Lookout,Sentinella,pokeapi:pokemon_species_names.csv
genus,Loud Noise,Fragore,pokeapi:pokemon_species_names.csv
genus,Love-Hate,Amoreodio,pokeapi:pokemon_species_names.csv
genus,Loyal Dog,Fedeltà,pokeapi:pokemon_species_names.csv
genus,Lunar,Falcato,pokeapi:pokemon_species_names.csv
genus,Luring,Attiranime,pokeapi:pokemon_species_names.csv
genus,Mach,Mach,pokeapi:pokemon_species_names.csv
genus,Magical,Stregone,pokeapi:pokemon_species_names.csv
genus,Magnet,Calamita,pokeapi:pokemon_species_names.csv
genus,Magnet Area,Magnetico,pokeapi:pokemon_species_names.csv
genus,Manipulate,Raggiro,pokeapi:pokemon_species_names.csv
genus,Mantis,Mantide,pokeapi:pokemon_species_names.csv
genus,Mantle,Placca,pokeapi:pokemon_species_names.csv
genus,Marionette,Marionetta,pokeapi:pokemon_species_names.csv
genus,Martial Arts,Marziale,pokeapi:pokemon_species_names.csv
genus,Meditate,Meditazione,pokeapi:pokemon_species_names.csv
genus,Mega Fire Pig,Suincendio,pokeapi:pokemon_species_names.csv
genus,Megapede,Megapede,pokeapi:pokemon_species_names.csv
genus,Megaton,Megatone,pokeapi:pokemon_species_names.csv
genus,Melody,Melodia,pokeapi:pokemon_species_names.csv
genus,Meringue,Panna,pokeapi:pokemon_species_names.csv
genus,Meteor,Meteora,pokeapi:pokemon_species_names.csv
genus,Meteorite,Meteorite,pokeapi:pokemon_species_names.csv
genus,Milk Cow,Bovino,pokeapi:pokemon_species_names.csv
genus,Mime,Mimo,pokeapi:pokemon_species_names.csv
genus,Mischief,Birba,pokeapi:pokemon_species_names.csv
genus,Mitosis,Scissione,pokeapi:pokemon_species_names.csv
genus,Mock Kelp,Similalga,pokeapi:pokemon_species_names.csv
genus,Mold,Muffa,pokeapi:pokemon_species_names.csv
genus,Mole,Talpa,pokeapi:pokemon_species_names.csv
genus,Moone,Lunare,pokeapi:pokemon_species_names.csv
genus,Moonlight,Lucelunare,pokeapi:pokemon_species_names.csv
genus,Moth,Falena,pokeapi:pokemon_species_names.csv
genus,Mount,Cavalcatura,pokeapi:pokemon_species_names.csv
genus,Mouse,Topo,pokeapi:pokemon_species_names.csv
genus,Mud Fish,Fango Pesce,pokeapi:pokemon_species_names.csv
genus,Multiplying,Espansione,pokeapi:pokemon_species_names.csv
genus,Muscular,Forzaimmane,pokeapi:pokemon_species_names.csv
genus,Mushroom,Fungo,pokeapi:pokemon_species_names.csv
genus,Music Note,Musicale,pokeapi:pokemon_species_names.csv
genus,Mysterious,Misterioso,pokeapi:pokemon_species_names.csv
genus,Mystic,Magico,pokeapi:pokemon_species_names.csv
genus,Nebula,Nebulosa,pokeapi:pokemon_species_names.csv
genus,Neon,Neon,pokeapi:pokemon_species_names.csv
genus,New Species,Novaspecie,pokeapi:pokemon_species_names.csv
genus,Ninja,Ninja,pokeapi:pokemon_species_names.csv
genus,Numb,Torpore,pokeapi:pokemon_species_names.csv
genus,Nurturing,Balia,pokeapi:pokemon_species_names.csv
genus,Ogre Darner,Libellorco,pokeapi:pokemon_species_names.csv
genus,Ogre Scorpion,Scorpiaccio,pokeapi:pokemon_species_names.csv
genus,Old Shrimp,Primaceo,pokeapi:pokemon_species_names.csv
genus,Order,Equilibrio,pokeapi:pokemon_species_names.csv
genus,Ore,Minerale,pokeapi:pokemon_species_names.csv
genus,Overturning,Giravolta,pokeapi:pokemon_species_names.csv
genus,Owl,Gufo,pokeapi:pokemon_species_names.csv
genus,Painter,Pittore,pokeapi:pokemon_species_names.csv
genus,Paleozoic,Paleozoico,pokeapi:pokemon_species_names.csv
genus,Parasite,Parassita,pokeapi:pokemon_species_names.csv
genus,Parent,Genitore,pokeapi:pokemon_species_names.csv
genus,Patient,Pazienza,pokeapi:pokemon_species_names.csv
genus,Peat,Torba,pokeapi:pokemon_species_names.csv
genus,Penguin,Pinguino,pokeapi:pokemon_species_names.csv
genus,Perfume,Profumo,pokeapi:pokemon_species_names.csv
genus,Pig,Maiale,pokeapi:pokemon_species_names.csv
genus,Pig Monkey,Suinpanzé,pokeapi:pokemon_species_names.csv
genus,Pin Cluster,Spinoso,pokeapi:pokemon_species_names.csv
genus,Pincer,Chela,pokeapi:pokemon_species_names.csv
genus,Pitch-Black,Neropesto,pokeapi:pokemon_species_names.csv
genus,Placid,Tuttacalma,pokeapi:pokemon_species_names.csv
genus,Plasma,Plasma,pokeapi:pokemon_species_names.csv
genus,Plate,Piastre,pokeapi:pokemon_species_names.csv
genus,Playful,Briccone,pokeapi:pokemon_species_names.csv
genus,Playhouse,Ovettino,pokeapi:pokemon_species_names.csv
genus,Plump Mouse,Topaffuto,pokeapi:pokemon_species_names.csv
genus,Poison Bag,Velenosacco,pokeapi:pokemon_species_names.csv
genus,Poison Bee,Velenape,pokeapi:pokemon_species_names.csv
genus,Poison Gas,Velenuvola,pokeapi:pokemon_species_names.csv
genus,Poison Moth,Velentarma,pokeapi:pokemon_species_names.csv
genus,Poison Pin,Velenago,pokeapi:pokemon_species_names.csv
genus,Polka Dot,Pois,pokeapi:pokemon_species_names.csv
genus,Pond Skater,Sfiorapozze,pokeapi:pokemon_species_names.csv
genus,Poodle,Barboncino,pokeapi:pokemon_species_names.csv
genus,Pop Star,Pop Star,pokeapi:pokemon_species_names.csv
genus,Posy Picker,Ghirlanda,pokeapi:pokemon_species_names.csv
genus,Predator,Rapace,pokeapi:pokemon_species_names.csv
genus,Prim,Finezza,pokeapi:pokemon_species_names.csv
genus,Prism,Prisma,pokeapi:pokemon_species_names.csv
genus,Protostar,Protostella,pokeapi:pokemon_species_names.csv
genus,Prototurtle,Ancestruga,pokeapi:pokemon_species_names.csv
genus,Proud,Orgoglio,pokeapi:pokemon_species_names.csv
genus,Psi,Psico,pokeapi:pokemon_species_names.csv
genus,Pumpkin,Zucca,pokeapi:pokemon_species_names.csv
genus,Punching,Tirapugni,pokeapi:pokemon_species_names.csv
genus,Punk,Punk,pokeapi:pokemon_species_names.csv
genus,Puppet,Pupazzo,pokeapi:pokemon_species_names.csv
genus,Puppy,Cagnolino,pokeapi:pokemon_species_names.csv
genus,Rabbit,Coniglio,pokeapi:pokemon_species_names.csv
genus,Radiator,Termogeno,pokeapi:pokemon_species_names.csv
genus,Radome,Radome,pokeapi:pokemon_species_names.csv
genus,Rainbow,Arcobaleno,pokeapi:pokemon_species_names.csv
genus,Rampart,Bastione,pokeapi:pokemon_species_names.csv
genus,Raven,Corvo,pokeapi:pokemon_species_names.csv
genus,Regal,Regale,pokeapi:pokemon_species_names.csv
genus,Rendezvous,Rendezvous,pokeapi:pokemon_species_names.csv
genus,Renegade,Ribelle,pokeapi:pokemon_species_names.csv
genus,Requiem,Requiem,pokeapi:pokemon_species_names.csv
genus,Restraint,Moderazione,pokeapi:pokemon_species_names.csv
genus,Revolving,Volteggio,pokeapi:pokemon_species_names.csv
genus,River Crab,Granchio,pokeapi:pokemon_species_names.csv
genus,Rock,Roccia,pokeapi:pokemon_species_names.csv
genus,Rock Head,Rocciotesta,pokeapi:pokemon_species_names.csv
genus,Rock Inn,Pietracasa,pokeapi:pokemon_species_names.csv
genus,Rock Peak,Picco,pokeapi:pokemon_species_names.csv
genus,Rock Skin,Peldisasso,pokeapi:pokemon_species_names.csv
genus,Rock Snake,Serpesasso,pokeapi:pokemon_species_names.csv
genus,Rogue,Canaglia,pokeapi:pokemon_species_names.csv
genus,Rogue Monkey,Scimmialigna,pokeapi:pokemon_species_names.csv
genus,Roly-Poly,Ricciopalla,pokeapi:pokemon_species_names.csv
genus,Royal,Reale,pokeapi:pokemon_species_names.csv
genus,Royal Heir,Principino,pokeapi:pokemon_species_names.csv
genus,Royal Sword,Spadareale,pokeapi:pokemon_species_names.csv
genus,Ruffian,Birbone,pokeapi:pokemon_species_names.csv
genus,Rush,Carica,pokeapi:pokemon_species_names.csv
genus,Rushing,Sfrecciante,pokeapi:pokemon_species_names.csv
genus,Sage,Saggio,pokeapi:pokemon_species_names.csv
genus,Sand Castle,Castelsabbia,pokeapi:pokemon_species_names.csv
genus,Sand Heap,Montesabbia,pokeapi:pokemon_species_names.csv
genus,Sand Snake,Sabbiaserpe,pokeapi:pokemon_species_names.csv
genus,Savage,Feroce,pokeapi:pokemon_species_names.csv
genus,Scale,Farfascaglia,pokeapi:pokemon_species_names.csv
genus,Scaly,Squama,pokeapi:pokemon_species_names.csv
genus,Scarecrow,Spavento,pokeapi:pokemon_species_names.csv
genus,Scarf,Sciarpa,pokeapi:pokemon_species_names.csv
genus,Scatterdust,Tirascaglie,pokeapi:pokemon_species_names.csv
genus,Scorching,Ardifiamma,pokeapi:pokemon_species_names.csv
genus,Scorpion,Scorpione,pokeapi:pokemon_species_names.csv
genus,Scout,Esplorante,pokeapi:pokemon_species_names.csv
genus,Scratch Cat,Graffimiao,pokeapi:pokemon_species_names.csv
genus,Screech,Strido,pokeapi:pokemon_species_names.csv
genus,Scuffle,Baruffa,pokeapi:pokemon_species_names.csv
genus,Sea Basin,Oceano,pokeapi:pokemon_species_names.csv
genus,Sea Creeper,Brandellalga,pokeapi:pokemon_species_names.csv
genus,Sea Cucumber,Oloturia,pokeapi:pokemon_species_names.csv
genus,Sea Drifter,Oceanbondo,pokeapi:pokemon_species_names.csv
genus,Sea Lily,Fiordimare,pokeapi:pokemon_species_names.csv
genus,Sea Lion,Otaria,pokeapi:pokemon_species_names.csv
genus,Sea Otter,Lontra,pokeapi:pokemon_species_names.csv
genus,Sea Slug,Lumacomare,pokeapi:pokemon_species_names.csv
genus,Sea Urchin,Echino,pokeapi:pokemon_species_names.csv
genus,Sea Weasel,Maridonnola,pokeapi:pokemon_species_names.csv
genus,Seafaring,Oceandante,pokeapi:pokemon_species_names.csv
genus,Seagull,Gabbiano,pokeapi:pokemon_species_names.csv
genus,Season,Stagione,pokeapi:pokemon_species_names.csv
genus,Secret Agent,Agente,pokeapi:pokemon_species_names.csv
genus,Seed,Seme,pokeapi:pokemon_species_names.csv
genus,Serene,Quiete,pokeapi:pokemon_species_names.csv
genus,Seven Spot,Settepunti,pokeapi:pokemon_species_names.csv
genus,Sewing,Grancucito,pokeapi:pokemon_species_names.csv
genus,Shadow,Ombra,pokeapi:pokemon_species_names.csv
genus,Sharp Blade,Lamaffilata,pokeapi:pokemon_species_names.csv
genus,Sharp Claw,Lamartigli,pokeapi:pokemon_species_names.csv
genus,Shed,Cambiapelle,pokeapi:pokemon_species_names.csv
genus,Shedding,Mutapelle,pokeapi:pokemon_species_names.csv
genus,Sheep,Pecora,pokeapi:pokemon_species_names.csv
genus,Shell Out,Sgusciato,pokeapi:pokemon_species_names.csv
genus,Shellfish,Crostaceo,pokeapi:pokemon_species_names.csv
genus,Shield,Schermo,pokeapi:pokemon_species_names.csv
genus,Sickle Grass,Mantiderba,pokeapi:pokemon_species_names.csv
genus,Silent,Silenzio,pokeapi:pokemon_species_names.csv
genus,Single Bloom,Monofiore,pokeapi:pokemon_species_names.csv
genus,Single Horn,Monocorno,pokeapi:pokemon_species_names.csv
genus,Skewer,Spiedo,pokeapi:pokemon_species_names.csv
genus,Skunk,Moffetta,pokeapi:pokemon_species_names.csv
genus,Sky High,Stratosfera,pokeapi:pokemon_species_names.csv
genus,Sky Squirrel,Petauro,pokeapi:pokemon_species_names.csv
genus,Slacker,Ozioso,pokeapi:pokemon_species_names.csv
genus,Sleeping,Sonno,pokeapi:pokemon_species_names.csv
genus,Sludge,Melma,pokeapi:pokemon_species_names.csv
genus,Small Fry,Pesciolino,pokeapi:pokemon_species_names.csv
genus,Snail,Lumachina,pokeapi:pokemon_species_names.csv
genus,Snake,Serpente,pokeapi:pokemon_species_names.csv
genus,Snapping,Mordace,pokeapi:pokemon_species_names.csv
genus,Snow Hat,Cappelneve,pokeapi:pokemon_species_names.csv
genus,Snow Land,Suolnevoso,pokeapi:pokemon_species_names.csv
genus,Snowstorm,Bufera,pokeapi:pokemon_species_names.csv
genus,Soft Tissue,Mollusco,pokeapi:pokemon_species_names.csv
genus,Soloist,Solista,pokeapi:pokemon_species_names.csv
genus,Sound Wave,Ondasonora,pokeapi:pokemon_species_names.csv
genus,South Sea,Sudmarino,pokeapi:pokemon_species_names.csv
genus,Spark,Favilla,pokeapi:pokemon_species_names.csv
genus,Spatial,Spazio,pokeapi:pokemon_species_names.csv
genus,Spike Ball,Pallapunte,pokeapi:pokemon_species_names.csv
genus,Spikes,Punzoni,pokeapi:pokemon_species_names.csv
genus,Spiny Armor,Spincorazza,pokeapi:pokemon_species_names.csv
genus,Spiny Nut,Castanriccio,pokeapi:pokemon_species_names.csv
genus,Spiral,Spirale,pokeapi:pokemon_species_names.csv
genus,Spirit,Fatuanima,pokeapi:pokemon_species_names.csv
genus,Spitfire,Sputafuoco,pokeapi:pokemon_species_names.csv
genus,Spot Panda,Macchipanda,pokeapi:pokemon_species_names.csv
genus,Spray,Annaffiatore,pokeapi:pokemon_species_names.csv
genus,Stag Beetle,Cervolante,pokeapi:pokemon_species_names.csv
genus,Stakeout,Sorveglianza,pokeapi:pokemon_species_names.csv
genus,Star Shape,Stella,pokeapi:pokemon_species_names.csv
genus,Starling,Storno,pokeapi:pokemon_species_names.csv
genus,Stealth,Furtivo,pokeapi:pokemon_species_names.csv
genus,Steam,Vapore,pokeapi:pokemon_species_names.csv
genus,Stomach,Stomaco,pokeapi:pokemon_species_names.csv
genus,Stone Home,Scogliocasa,pokeapi:pokemon_species_names.csv
genus,Striker,Cannoniere,pokeapi:pokemon_species_names.csv
genus,String Spit,Tela,pokeapi:pokemon_species_names.csv
genus,Strong Arm,Fortebraccio,pokeapi:pokemon_species_names.csv
genus,Stump,Ceppo,pokeapi:pokemon_species_names.csv
genus,Subterrene,Sottoterra,pokeapi:pokemon_species_names.csv
genus,Sun,Sole,pokeapi:pokemon_species_names.csv
genus,Sunne,Solare,pokeapi:pokemon_species_names.csv
genus,Superpower,Megaforza,pokeapi:pokemon_species_names.csv
genus,Swallow,Rondine,pokeapi:pokemon_species_names.csv
genus,Swift Horse,Sveltequino,pokeapi:pokemon_species_names.csv
genus,Swine,Suino,pokeapi:pokemon_species_names.csv
genus,Swollen,Gonfiacorpo,pokeapi:pokemon_species_names.csv
genus,Sword,Armabianca,pokeapi:pokemon_species_names.csv
genus,Sword Blade,Fildilama,pokeapi:pokemon_species_names.csv
genus,Symbol,Simbolo,pokeapi:pokemon_species_names.csv
genus,Synthetic,Multigene,pokeapi:pokemon_species_names.csv
genus,Tadpole,Girino,pokeapi:pokemon_species_names.csv
genus,Tantrum,Bizze,pokeapi:pokemon_species_names.csv
genus,Teamwork,Giocosquadra,pokeapi:pokemon_species_names.csv
genus,Temporal,Tempo,pokeapi:pokemon_species_names.csv
genus,Tender,Tenerezza,pokeapi:pokemon_species_names.csv
genus,Thorn,Spina,pokeapi:pokemon_species_names.csv
genus,Thorn Monkey,Spinpanzé,pokeapi:pokemon_species_names.csv
genus,Thorn Pod,Spinasfere,pokeapi:pokemon_species_names.csv
genus,Thorn Seed,Spinaseme,pokeapi:pokemon_species_names.csv
genus,Thunder,Tuono,pokeapi:pokemon_species_names.csv
genus,Thunderbolt,Saetta,pokeapi:pokemon_species_names.csv
genus,Thunderclap,Fulmirapido,pokeapi:pokemon_species_names.csv
genus,Tiger Cat,Gattotigre,pokeapi:pokemon_species_names.csv
genus,Time Travel,Tempovia,pokeapi:pokemon_species_names.csv
genus,Tiny Bee,Apetta,pokeapi:pokemon_species_names.csv
genus,Tiny Bird,Uccellino,pokeapi:pokemon_species_names.csv
genus,Tiny Leaf,Fogliolina,pokeapi:pokemon_species_names.csv
genus,Tiny Mouse,Topino,pokeapi:pokemon_species_names.csv
genus,Tiny Pigeon,Piccione,pokeapi:pokemon_species_names.csv
genus,Tiny Raccoon,Procione,pokeapi:pokemon_species_names.csv
genus,Tiny Robin,Pettirosso,pokeapi:pokemon_species_names.csv
genus,Tiny Swallow,Rondinella,pokeapi:pokemon_species_names.csv
genus,Tiny Turtle,Tartaghina,pokeapi:pokemon_species_names.csv
genus,Torch,Torcia,pokeapi:pokemon_species_names.csv
genus,Toxic Lizard,Lucertossina,pokeapi:pokemon_species_names.csv
genus,Toxic Mouth,Inveieleno,pokeapi:pokemon_species_names.csv
genus,Trainee,Novizio,pokeapi:pokemon_species_names.csv
genus,Transform,Mutante,pokeapi:pokemon_species_names.csv
genus,Transport,Trasporto,pokeapi:pokemon_species_names.csv
genus,Trap,Trappola,pokeapi:pokemon_species_names.csv
genus,Trash Bag,Spazzatura,pokeapi:pokemon_species_names.csv
genus,Trash Heap,Discarica,pokeapi:pokemon_species_names.csv
genus,Tricky Fox,Malavolpe,pokeapi:pokemon_species_names.csv
genus,Triple Bird,Triuccello,pokeapi:pokemon_species_names.csv
genus,Tundra,Tundra,pokeapi:pokemon_species_names.csv
genus,Turn Tail,Lestopode,pokeapi:pokemon_species_names.csv
genus,Turtle,Tartaruga,pokeapi:pokemon_species_names.csv
genus,Tusk,Zanna,pokeapi:pokemon_species_names.csv
genus,Twin Bird,Biuccello,pokeapi:pokemon_species_names.csv
genus,Twin Tusk,Duezanne,pokeapi:pokemon_species_names.csv
genus,Two-Handed,Bimano,pokeapi:pokemon_species_names.csv
genus,Two-Sided,Doppiafaccia,pokeapi:pokemon_species_names.csv
genus,Valiant,Baldanza,pokeapi:pokemon_species_names.csv
genus,Vast White,Bianco Verità,pokeapi:pokemon_species_names.csv
genus,Verdant,Rigoglioso,pokeapi:pokemon_species_names.csv
genus,Vibration,Vibrazione,pokeapi:pokemon_species_names.csv
genus,Victory,Vittoria,pokeapi:pokemon_species_names.csv
genus,Viking,Vichingo,pokeapi:pokemon_species_names.csv
genus,Vine,Liana,pokeapi:pokemon_species_names.csv
genus,Virtual,Virtuale,pokeapi:pokemon_species_names.csv
genus,Volcano,Vulcano,pokeapi:pokemon_species_names.csv
genus,Warrior,Guerriero,pokeapi:pokemon_species_names.csv
genus,Water Bird,Alacquatico,pokeapi:pokemon_species_names.csv
genus,Water Bubble,Bolladacqua,pokeapi:pokemon_species_names.csv
genus,Water Fish,Acquapesce,pokeapi:pokemon_species_names.csv
genus,Water Gun,Zampillo,pokeapi:pokemon_species_names.csv
genus,Water Lizard,Acquacertola,pokeapi:pokemon_species_names.csv
genus,Water Weed,Alga,pokeapi:pokemon_species_names.csv
genus,Weather,Meteo,pokeapi:pokemon_species_names.csv
genus,Weed,Malerba,pokeapi:pokemon_species_names.csv
genus,Whiskers,Baffetti,pokeapi:pokemon_species_names.csv
genus,Whisper,Sussurro,pokeapi:pokemon_species_names.csv
genus,White Bird,Biancuccello,pokeapi:pokemon_species_names.csv
genus,Wicked,Burbero,pokeapi:pokemon_species_names.csv
genus,Wild Bull,Torobrado,pokeapi:pokemon_species_names.csv
genus,Wild Duck,Selvanatra,pokeapi:pokemon_species_names.csv
genus,Wild Horse,Furiequino,pokeapi:pokemon_species_names.csv
genus,Wild Monkey,Indocile,pokeapi:pokemon_species_names.csv
genus,Wild Pigeon,Granpiccione,pokeapi:pokemon_species_names.csv
genus,Willpower,Volontà,pokeapi:pokemon_species_names.csv
genus,Wily,Scaltro,pokeapi:pokemon_species_names.csv
genus,Wind Chime,Vencampana,pokeapi:pokemon_species_names.csv
genus,Windveiled,Spiffero,pokeapi:pokemon_species_names.csv
genus,Wing Fish,Pescealato,pokeapi:pokemon_species_names.csv
genus,Wish,Desiderio,pokeapi:pokemon_species_names.csv
genus,Wolf,Lupo,pokeapi:pokemon_species_names.csv
genus,Wood Gecko,Legnogeco,pokeapi:pokemon_species_names.csv
genus,Woodpecker,Picchio,pokeapi:pokemon_species_names.csv
genus,Wool,Lana,pokeapi:pokemon_species_names.csv
genus,Woolly Crab,Peligranchio,pokeapi:pokemon_species_names.csv
genus,Worm,Baco,pokeapi:pokemon_species_names.csv
genus,Wrestling,Lottalibera,pokeapi:pokemon_species_names.csv
genus,Wushu,Kung Fu,pokeapi:pokemon_species_names.csv
genus,Young Fowl,Rampollo,pokeapi:pokemon_species_names.csv
genus,Zen Charm,Daruma,pokeapi:pokemon_species_names.csv
item,Ability Capsule,Capsula abilità,pokeapi:item_names.csv
item,Ability Patch,Cerotto abilità,pokeapi:item_names.csv
item,Ability Shield,Scudo abilità,pokeapi:item_names.csv
item,Ability Urge,Chiamabilità,pokeapi:item_names.csv
item,Abomasite,Abomasnowite,pokeapi:item_names.csv
item,Abra Candy,Caramella Abra,pokeapi:item_names.csv
item,Absolite,Absolite,pokeapi:item_names.csv
item,Absorb Bulb,Bulbo,pokeapi:item_names.csv
item,Academy Ball,Palla accademia,pokeapi:item_names.csv
item,Academy Bottle,Borraccia accademia,pokeapi:item_names.csv
item,Academy Cup,Tazza accademia,pokeapi:item_names.csv
item,Academy Tablecloth,Tovaglia accademia,pokeapi:item_names.csv
item,Acro Bike,Bici da cross,pokeapi:item_names.csv
item,Adamant Crystal,Adamasferoide,pokeapi:item_names.csv
item,Adamant Mint,Menta Decisa,pokeapi:item_names.csv
item,Adamant Orb,Adamasfera,pokeapi:item_names.csv
item,Adrenaline Orb,Fifasfera,pokeapi:item_names.csv
item,Adventure Guide,Guida Avventura,pokeapi:item_names.csv
item,Aerodactyl Candy,Caramella Aerodactyl,pokeapi:item_names.csv
item,Aerodactylite,Aerodactylite,pokeapi:item_names.csv
item,Aggronite,Aggronite,pokeapi:item_names.csv
item,Aguav Berry,Baccaguava,pokeapi:item_names.csv
item,Aipom Hair,Pelo di Aipom,pokeapi:item_names.csv
item,Air Balloon,Palloncino,pokeapi:item_names.csv
item,Air Mail,Mess. Aereo,pokeapi:item_names.csv
item,Alakazite,Alakazamite,pokeapi:item_names.csv
item,Alomomola Mucus,Muco di Alomomola,pokeapi:item_names.csv
item,Aloraichium Z,Aloraicium Z,pokeapi:item_names.csv
item,Altarianite,Altarite,pokeapi:item_names.csv
item,Amaze Mulch,Fertilprodigio,pokeapi:item_names.csv
item,Ampharosite,Ampharosite,pokeapi:item_names.csv
item,Amulet Coin,Monetamuleto,pokeapi:item_names.csv
item,Antidote,Antidoto,pokeapi:item_names.csv
item,Apicot Berry,Baccacocca,pokeapi:item_names.csv
item,Apple,Mela,pokeapi:item_names.csv
item,Applin Juice,Succo di Applin,pokeapi:item_names.csv
item,Apricorn Box,Ghicobox,pokeapi:item_names.csv
item,Aqua Suit,Tuta Idro,pokeapi:item_names.csv
item,Armor Fossil,Fossilscudo,pokeapi:item_names.csv
item,Armor Pass,Pass Armatura,pokeapi:item_names.csv
item,Armorite Ore,Rocciarmatura,pokeapi:item_names.csv
item,Arrokuda Scales,Squama di Arrokuda,pokeapi:item_names.csv
item,Articuno Candy,Caramella Articuno,pokeapi:item_names.csv
item,Aspear Berry,Baccaperina,pokeapi:item_names.csv
item,Assault Vest,Corpetto assalto,pokeapi:item_names.csv
item,Audinite,Audinite,pokeapi:item_names.csv
item,AuroraTicket,Bigl. Aurora,pokeapi:item_names.csv
item,Auspicious Armor,Armatura fausta,pokeapi:item_names.csv
item,Autograph,Autografo,pokeapi:item_names.csv
item,Avocado,Avocado,pokeapi:item_names.csv
item,Awakening,Sveglia,pokeapi:item_names.csv
item,Axew Scales,Squama di Axew,pokeapi:item_names.csv
item,Azure Flute,Flauto Cielo,pokeapi:item_names.csv
item,Azurill Fur,Pelo di Azurill,pokeapi:item_names.csv
item,B&W Grass Tablecloth,Tovaglia erba alta,pokeapi:item_names.csv
item,Babiri Berry,Baccababiri,pokeapi:item_names.csv
item,Bach’s Food Tin,Scatoletta Bach,pokeapi:item_names.csv
item,Bacon,Pancetta rosolata,pokeapi:item_names.csv
item,Bagon Scales,Squama di Bagon,pokeapi:item_names.csv
item,Baguette,Filoncino,pokeapi:item_names.csv
item,Balm Mushroom,Profumfungo,pokeapi:item_names.csv
item,Banana,Banana,pokeapi:item_names.csv
item,Band Autograph,Autografo band,pokeapi:item_names.csv
item,Banettite,Banettite,pokeapi:item_names.csv
item,Barboach Slime,Muco di Barboach,pokeapi:item_names.csv
item,Barred Cup,Tazza a righe orizzontali,pokeapi:item_names.csv
item,Basculin Fang,Dente di Basculin,pokeapi:item_names.csv
item,Basement Key,Chiave sotterr.,pokeapi:item_names.csv
item,Basil,Basilico,pokeapi:item_names.csv
item,Battle Pocket,Tasca lotta,pokeapi:item_names.csv
item,Battle Tablecloth,Tovaglia sfida,pokeapi:item_names.csv
item,Beach Glass,Vetro marino,pokeapi:item_names.csv
item,Bead Mail,Mess. Perle,pokeapi:item_names.csv
item,Beast Ball,UC Ball,pokeapi:item_names.csv
item,Beedrillite,Beedrillite,pokeapi:item_names.csv
item,Bellsprout Candy,Caramella Bellsprout,pokeapi:item_names.csv
item,Bellsprout Vine,Viticcio di Bellsprout,pokeapi:item_names.csv
item,Belue Berry,Baccartillo,pokeapi:item_names.csv
item,Bergmite Ice,Ghiaccio di Bergmite,pokeapi:item_names.csv
item,Berry Juice,Succodibacca,pokeapi:item_names.csv
item,Berry Pots,Piantabacche,pokeapi:item_names.csv
item,Berry Pouch,Portabacche,pokeapi:item_names.csv
item,Berry Sweet,Bonbonbosco,pokeapi:item_names.csv
item,Bicycle,Bicicletta,pokeapi:item_names.csv
item,Big Bamboo Shoot,Grande bambù,pokeapi:item_names.csv
item,Big Malasada,Malasada maxi,pokeapi:item_names.csv
item,Big Mushroom,Grande Fungo,pokeapi:item_names.csv
item,Big Nugget,Granpepita,pokeapi:item_names.csv
item,Big Pearl,Grande Perla,pokeapi:item_names.csv
item,Big Root,Granradice,pokeapi:item_names.csv
item,Bike,Bicicletta,pokeapi:item_names.csv
item,Bike Voucher,Buono Bici,pokeapi:item_names.csv
item,Binding Band,Legafascia,pokeapi:item_names.csv
item,Bitter Herba Mystica,Spezia nascosta amara,pokeapi:item_names.csv
item,Black Apricorn,Ghicocca Nera,pokeapi:item_names.csv
item,Black Augurite,Augite nera,pokeapi:item_names.csv
item,Black Belt,Cinturanera,pokeapi:item_names.csv
item,Black Flute,Flauto Nero,pokeapi:item_names.csv
item,Black Glasses,Occhialineri,pokeapi:item_names.csv
item,Black Mane Hair,Crini neri,pokeapi:item_names.csv
item,Black Sludge,Fangopece,pokeapi:item_names.csv
item,Blank Plate,Lastraripristino,pokeapi:item_names.csv
item,Blastoisinite,Blastoisite,pokeapi:item_names.csv
item,Blazikenite,Blazikenite,pokeapi:item_names.csv
item,Bloom Mail,Mess. Petalo,pokeapi:item_names.csv
item,Blue Apricorn,Ghicocca Blu,pokeapi:item_names.csv
item,Blue Bottle,Borraccia celeste,pokeapi:item_names.csv
item,Blue Card,Carta Blu,pokeapi:item_names.csv
item,Blue Cup,Tazza celeste,pokeapi:item_names.csv
item,Blue Dish,Piatto celeste,pokeapi:item_names.csv
item,Blue Flute,Flauto Blu,pokeapi:item_names.csv
item,Blue Orb,Gemma blu,pokeapi:item_names.csv
item,Blue Petal,Petalo azzurro,pokeapi:item_names.csv
item,Blue Poké Ball Pick,Stecchino Ball blu,pokeapi:item_names.csv
item,Blue Scarf,Fascia Blu,pokeapi:item_names.csv
item,Blue Shard,Coccio Blu,pokeapi:item_names.csv
item,Blue Tablecloth,Tovaglia blu,pokeapi:item_names.csv
item,Blue-Flag Pick,Bandierina blu,pokeapi:item_names.csv
item,Blue-Sky Flower Pick,Stecchino fiore blu,pokeapi:item_names.csv
item,Bluk Berry,Baccamora,pokeapi:item_names.csv
item,Blunder Policy,Fiascopolizza,pokeapi:item_names.csv
item,Bob’s Food Tin,Lattina Gustavo,pokeapi:item_names.csv
item,Boiled Egg,Uovo sodo,pokeapi:item_names.csv
item,Bold Mint,Menta Sicura,pokeapi:item_names.csv
item,Bombirdier Feather,Penna di Bombirdier,pokeapi:item_names.csv
item,Bonsly Tears,Lacrime di Bonsly,pokeapi:item_names.csv
item,Boost Mulch,Fertilcopioso,pokeapi:item_names.csv
item,Booster Energy,Capsula energetica,pokeapi:item_names.csv
item,Bottle Cap,Tappo d’argento,pokeapi:item_names.csv
item,Bounsweet Sweat,Sudore di Bounsweet,pokeapi:item_names.csv
item,Bramblin Twig,Ramoscello di Bramblin,pokeapi:item_names.csv
item,Brave Mint,Menta Audace,pokeapi:item_names.csv
item,Bread,Pan carré,pokeapi:item_names.csv
item,Brick Mail,Mess. Muro,pokeapi:item_names.csv
item,Bridge Mail D,Mess. Libec.,pokeapi:item_names.csv
item,Bridge Mail M,Mess. Merav.,pokeapi:item_names.csv
item,Bridge Mail S,Mess. Frec.,pokeapi:item_names.csv
item,Bridge Mail T,Mess. Prop.,pokeapi:item_names.csv
item,Bridge Mail V,Mess. Vill.,pokeapi:item_names.csv
item,Bright Powder,Luminpolvere,pokeapi:item_names.csv
item,Brittle Bones,Ossi sottili,pokeapi:item_names.csv
item,Bronze Bottle,Borraccia bronzo,pokeapi:item_names.csv
item,Bronze Cup,Tazza bronzo,pokeapi:item_names.csv
item,Bronzor Fragment,Frammento di Bronzor,pokeapi:item_names.csv
item,Bruxish Tooth,Dente di Bruxish,pokeapi:item_names.csv
item,Bubble Mail,Mess. Bolla,pokeapi:item_names.csv
item,Bug Gem,Bijoucoleottero,pokeapi:item_names.csv
item,Bug Memory,ROM Coleottero,pokeapi:item_names.csv
item,Bug Tera Shard,Teralite Coleottero,pokeapi:item_names.csv
item,Buginium Z,Insectium Z,pokeapi:item_names.csv
item,Buizel Fur,Pelo di Buizel,pokeapi:item_names.csv
item,Bulbasaur Candy,Caramella Bulbasaur,pokeapi:item_names.csv
item,Burn Drive,Piromodulo,pokeapi:item_names.csv
item,Burn Heal,Antiscottatura,pokeapi:item_names.csv
item,Butter,Burro,pokeapi:item_names.csv
item,Cacnea Needle,Spina di Cacnea,pokeapi:item_names.csv
item,Calcium,Calcio,pokeapi:item_names.csv
item,Calm Mint,Menta Calma,pokeapi:item_names.csv
item,Cameruptite,Cameruptite,pokeapi:item_names.csv
item,Camping Gear,Kit da campeggio,pokeapi:item_names.csv
item,Candy Jar,Portacaramelle,pokeapi:item_names.csv
item,Capsakid Seed,Seme di Capsakid,pokeapi:item_names.csv
item,Carbink Jewel,Gemma di Carbink,pokeapi:item_names.csv
item,Carbos,Carburante,pokeapi:item_names.csv
item,Card Key,Apriporta,pokeapi:item_names.csv
item,Careful Mint,Menta Cauta,pokeapi:item_names.csv
item,Carrot Seeds,Semi di carota,pokeapi:item_names.csv
item,Casteliacone,Conostropoli,pokeapi:item_names.csv
item,Catching Charm,Catturamuleto,pokeapi:item_names.csv
item,Catching Pocket,Tasca cattura,pokeapi:item_names.csv
item,Caterpie Candy,Caramella Caterpie,pokeapi:item_names.csv
item,Cell Battery,Ricaripila,pokeapi:item_names.csv
item,Cetoddle Grease,Grasso di Cetoddle,pokeapi:item_names.csv
item,Chalky Stone,Gessetto,pokeapi:item_names.csv
item,Chansey Candy,Caramella Chansey,pokeapi:item_names.csv
item,Charcadet Soot,Fuliggine di Charcadet,pokeapi:item_names.csv
item,Charcoal,Carbonella,pokeapi:item_names.csv
item,Charizardite X,Charizardite X,pokeapi:item_names.csv
item,Charizardite Y,Charizardite Y,pokeapi:item_names.csv
item,Charmander Candy,Caramella Charmander,pokeapi:item_names.csv
item,Charti Berry,Baccaciofo,pokeapi:item_names.csv
item,Cheese,Formaggio,pokeapi:item_names.csv
item,Cheri Berry,Baccaliegia,pokeapi:item_names.csv
item,Cherish Ball,Pregio Ball,pokeapi:item_names.csv
item,Cherry Tomatoes,Pomodorino,pokeapi:item_names.csv
item,Chesto Berry,Baccastagna,pokeapi:item_names.csv
item,Chewtle Claw,Unghia di Chewtle,pokeapi:item_names.csv
item,Chilan Berry,Baccacinlan,pokeapi:item_names.csv
item,Chili Sauce,Salsa piccante,pokeapi:item_names.csv
item,Chill Drive,Gelomodulo,pokeapi:item_names.csv
item,Chingling Fragment,Frammento di Chingling,pokeapi:item_names.csv
item,Chipped Pot,Teiera crepata,pokeapi:item_names.csv
item,Choice Band,Bendascelta,pokeapi:item_names.csv
item,Choice Scarf,Stolascelta,pokeapi:item_names.csv
item,Choice Specs,Lentiscelta,pokeapi:item_names.csv
item,Chople Berry,Baccarosmel,pokeapi:item_names.csv
item,Chorizo,Chorizo rosolato,pokeapi:item_names.csv
item,Clauncher Claw,Chela di Clauncher,pokeapi:item_names.csv
item,Claw Fossil,Fossilunghia,pokeapi:item_names.csv
item,Cleanse Tag,Velopuro,pokeapi:item_names.csv
item,Clear Amulet,Ciondolochiaro,pokeapi:item_names.csv
item,Clear Bell,Campana Chiara,pokeapi:item_names.csv
item,Clefairy Candy,Caramella Clefairy,pokeapi:item_names.csv
item,Cleffa Fur,Pelo di Cleffa,pokeapi:item_names.csv
item,Clever Feather,Piumintuito,pokeapi:item_names.csv
item,Clever Mochi,Mochi dell’intuito,pokeapi:item_names.csv
item,Clothing Trunk,Valigia vestiti,pokeapi:item_names.csv
item,Clover Sweet,Bonbonfoglio,pokeapi:item_names.csv
item,Coba Berry,Baccababa,pokeapi:item_names.csv
item,Coconut Milk,Latte di cocco,pokeapi:item_names.csv
item,Coin Case,Salvadanaio,pokeapi:item_names.csv
item,Colbur Berry,Baccaxan,pokeapi:item_names.csv
item,Colress Machine,Acrocongegno,pokeapi:item_names.csv
item,Combee Honey,Nettare di Combee,pokeapi:item_names.csv
item,Comet Shard,Pezzo Cometa,pokeapi:item_names.csv
item,Common Stone,Sasso qualsiasi,pokeapi:item_names.csv
item,Contest Costume,Costume Live,pokeapi:item_names.csv
item,Contest Pass,Tessera Gare,pokeapi:item_names.csv
item,Cornerstone Mask,Maschera Fondamenta,pokeapi:item_names.csv
item,Cornn Berry,Baccavena,pokeapi:item_names.csv
item,Corphish Shell,Carapace di Corphish,pokeapi:item_names.csv
item,Coupon 1,Coupon 1,pokeapi:item_names.csv
item,Coupon 2,Coupon 2,pokeapi:item_names.csv
item,Coupon 3,Coupon 3,pokeapi:item_names.csv
item,Courage Candy,Caramella intuito S,pokeapi:item_names.csv
item,Courage Candy L,Caramella intuito M,pokeapi:item_names.csv
item,Courage Candy XL,Caramella intuito L,pokeapi:item_names.csv
item,Cover Fossil,Fossiltappo,pokeapi:item_names.csv
item,Covert Cloak,Anonimanto,pokeapi:item_names.csv
item,Crabrawler Shell,Carapace di Crabrawler,pokeapi:item_names.csv
item,Cracked Pot,Teiera rotta,pokeapi:item_names.csv
item,Cramorant Down,Piuma di Cramorant,pokeapi:item_names.csv
item,Cream Cheese,Formaggio cremoso,pokeapi:item_names.csv
item,Croagunk Poison,Tossine di Croagunk,pokeapi:item_names.csv
item,Crown Pass,Pass Corona,pokeapi:item_names.csv
item,Cryogonal Ice,Ghiaccio di Cryogonal,pokeapi:item_names.csv
item,Crystal Cluster,Pezzo di cristallo,pokeapi:item_names.csv
item,Cubchoo Fur,Pelo di Cubchoo,pokeapi:item_names.csv
item,Cubone Candy,Caramella Cubone,pokeapi:item_names.csv
item,Cucumber,Cetriolo,pokeapi:item_names.csv
item,Cufant Tarnish,Ruggine di Cufant,pokeapi:item_names.csv
item,Curry Powder,Curry in polvere,pokeapi:item_names.csv
item,Custap Berry,Baccacrela,pokeapi:item_names.csv
item,Cutiefly Powder,Polvere di Cutiefly,pokeapi:item_names.csv
item,Cyber Ball,Palla gaming,pokeapi:item_names.csv
item,Cyclizar Scales,Squama di Cyclizar,pokeapi:item_names.csv
item,DNA Splicers,Cuneo DNA,pokeapi:item_names.csv
item,Damp Mulch,Fertilidro,pokeapi:item_names.csv
item,Damp Rock,Rocciaumida,pokeapi:item_names.csv
item,Dark Gem,Bijoubuio,pokeapi:item_names.csv
item,Dark Memory,ROM Buio,pokeapi:item_names.csv
item,Dark Stone,Scurolite,pokeapi:item_names.csv
item,Dark Tera Shard,Teralite Buio,pokeapi:item_names.csv
item,Darkinium Z,Obscurium Z,pokeapi:item_names.csv
item,Data Card 01,Scheda Dati 01,pokeapi:item_names.csv
item,Data Card 02,Scheda Dati 02,pokeapi:item_names.csv
item,Data Card 03,Scheda Dati 03,pokeapi:item_names.csv
item,Data Card 04,Scheda Dati 04,pokeapi:item_names.csv
item,Data Card 05,Scheda Dati 05,pokeapi:item_names.csv
item,Data Card 06,Scheda Dati 06,pokeapi:item_names.csv
item,Data Card 07,Scheda Dati 07,pokeapi:item_names.csv
item,Data Card 08,Scheda Dati 08,pokeapi:item_names.csv
item,Data Card 09,Scheda Dati 09,pokeapi:item_names.csv
item,Data Card 10,Scheda Dati 10,pokeapi:item_names.csv
item,Data Card 11,Scheda Dati 11,pokeapi:item_names.csv
item,Data Card 12,Scheda Dati 12,pokeapi:item_names.csv
item,Data Card 13,Scheda Dati 13,pokeapi:item_names.csv
item,Data Card 14,Scheda Dati 14,pokeapi:item_names.csv
item,Data Card 15,Scheda Dati 15,pokeapi:item_names.csv
item,Data Card 16,Scheda Dati 16,pokeapi:item_names.csv
item,Data Card 17,Scheda Dati 17,pokeapi:item_names.csv
item,Data Card 18,Scheda Dati 18,pokeapi:item_names.csv
item,Data Card 19,Scheda Dati 19,pokeapi:item_names.csv
item,Data Card 20,Scheda Dati 20,pokeapi:item_names.csv
item,Data Card 21,Scheda Dati 21,pokeapi:item_names.csv
item,Data Card 22,Scheda Dati 22,pokeapi:item_names.csv
item,Data Card 23,Scheda Dati 23,pokeapi:item_names.csv
item,Data Card 24,Scheda Dati 24,pokeapi:item_names.csv
item,Data Card 25,Scheda Dati 25,pokeapi:item_names.csv
item,Data Card 26,Scheda Dati 26,pokeapi:item_names.csv
item,Data Card 27,Scheda Dati 27,pokeapi:item_names.csv
item,Dawn Stone,Pietralbore,pokeapi:item_names.csv
item,Decidium Z,Deciduenium Z,pokeapi:item_names.csv
item,Dedenne Fur,Pelo di Dedenne,pokeapi:item_names.csv
item,Deep Sea Scale,Squamabissi,pokeapi:item_names.csv
item,Deep Sea Tooth,Dente Abissi,pokeapi:item_names.csv
item,Deerling Hair,Pelo di Deerling,pokeapi:item_names.csv
item,Deino Scales,Squama di Deino,pokeapi:item_names.csv
item,Delibird Parcel,Scorte di Delibird,pokeapi:item_names.csv
item,Destiny Knot,Destincomune,pokeapi:item_names.csv
item,Devon Goods,Merce Devon,pokeapi:item_names.csv
item,Devon Parts,Merce Devon,pokeapi:item_names.csv
item,Devon Scope,Devonscopio,pokeapi:item_names.csv
item,Devon Scuba Gear,Maschera Devon,pokeapi:item_names.csv
item,Diamond Bottle,Borraccia a rombi,pokeapi:item_names.csv
item,Diamond Pattern Cup,Tazza a rombi,pokeapi:item_names.csv
item,Diamond Tablecloth,Tovaglia a rombi,pokeapi:item_names.csv
item,Diancite,Diancite,pokeapi:item_names.csv
item,Diglett Candy,Caramella Diglett,pokeapi:item_names.csv
item,Diglett Dirt,Terra di Diglett,pokeapi:item_names.csv
item,Dire Hit,Supercolpo,pokeapi:item_names.csv
item,Dire Hit 2,Supercolpo 2,pokeapi:item_names.csv
item,Dire Hit 3,Supercolpo 3,pokeapi:item_names.csv
item,Discount Coupon,Buono sconto,pokeapi:item_names.csv
item,Ditto Candy,Caramella Ditto,pokeapi:item_names.csv
item,Ditto Goo,Appiccicume di Ditto,pokeapi:item_names.csv
item,Dive Ball,Sub Ball,pokeapi:item_names.csv
item,Doduo Candy,Caramella Doduo,pokeapi:item_names.csv
item,Dome Fossil,Domofossile,pokeapi:item_names.csv
item,Dondozo Whisker,Barbiglio di Dondozo,pokeapi:item_names.csv
item,Douse Drive,Idromodulo,pokeapi:item_names.csv
item,Dowsing Machine,Ricerca strum.,pokeapi:item_names.csv
item,Draco Plate,Lastradrakon,pokeapi:item_names.csv
item,Dragon Fang,Dentedidrago,pokeapi:item_names.csv
item,Dragon Gem,Bijoudrago,pokeapi:item_names.csv
item,Dragon Memory,ROM Drago,pokeapi:item_names.csv
item,Dragon Scale,Squama Drago,pokeapi:item_names.csv
item,Dragon Skull,Teschio,pokeapi:item_names.csv
item,Dragon Tera Shard,Teralite Drago,pokeapi:item_names.csv
item,Dragonium Z,Draconium Z,pokeapi:item_names.csv
item,Dratini Candy,Caramella Dratini,pokeapi:item_names.csv
item,Dratini Scales,Squama di Dratini,pokeapi:item_names.csv
item,Dread Plate,Lastratimore,pokeapi:item_names.csv
item,Dream Ball,Dream Ball,pokeapi:item_names.csv
item,Dream Mail,Mess. Sogno,pokeapi:item_names.csv
item,Dreepy Powder,Polvere di Dreepy,pokeapi:item_names.csv
item,Drifloon Gas,Gas di Drifloon,pokeapi:item_names.csv
item,Dropped Item,Oggetto perso,pokeapi:item_names.csv
item,Drowzee Candy,Caramella Drowzee,pokeapi:item_names.csv
item,Drowzee Fur,Pelo di Drowzee,pokeapi:item_names.csv
item,Dubious Disc,Dubbiodisco,pokeapi:item_names.csv
item,Ducklett Feather,Penna di Ducklett,pokeapi:item_names.csv
item,Dunsparce Scales,Squama di Dunsparce,pokeapi:item_names.csv
item,Durin Berry,Baccadurian,pokeapi:item_names.csv
item,Dusk Ball,Scuro Ball,pokeapi:item_names.csv
item,Dusk Stone,Neropietra,pokeapi:item_names.csv
item,Duskull Fragment,Frammento di Duskull,pokeapi:item_names.csv
item,Dynamax Band,Polsino Dynamax,pokeapi:item_names.csv
item,Dynamax Candy,Caram. Dynamax,pokeapi:item_names.csv
item,Dynite Ore,Rocciamax,pokeapi:item_names.csv
item,Earth Plate,Lastrageo,pokeapi:item_names.csv
item,Eevee Candy,Caramella Eevee,pokeapi:item_names.csv
item,Eevee Cup,Tazza Eevee,pokeapi:item_names.csv
item,Eevee Fur,Pelo di Eevee,pokeapi:item_names.csv
item,Eevium Z,Eevium Z,pokeapi:item_names.csv
item,Egg,Uovo bollito,pokeapi:item_names.csv
item,Eiscue Down,Piuma di Eiscue,pokeapi:item_names.csv
item,Eject Button,Pulsantefuga,pokeapi:item_names.csv
item,Eject Pack,Zainofuga,pokeapi:item_names.csv
item,Ekans Candy,Caramella Ekans,pokeapi:item_names.csv
item,Ekans Fang,Zanna di Ekans,pokeapi:item_names.csv
item,Electabuzz Candy,Caramella Electabuzz,pokeapi:item_names.csv
item,Electirizer,Elettritore,pokeapi:item_names.csv
item,Electric Gem,Bijouelettro,pokeapi:item_names.csv
item,Electric Memory,ROM Elettro,pokeapi:item_names.csv
item,Electric Seed,Elettroseme,pokeapi:item_names.csv
item,Electric Tera Shard,Teralite Elettro,pokeapi:item_names.csv
item,Electrium Z,Electrium Z,pokeapi:item_names.csv
item,Elevator Key,Chiave ascensore,pokeapi:item_names.csv
item,Elixir,Elisir,pokeapi:item_names.csv
item,Endorsement,Referenze,pokeapi:item_names.csv
item,Energy Powder,Polvenergia,pokeapi:item_names.csv
item,Energy Root,Radicenergia,pokeapi:item_names.csv
item,Enigma Berry,Baccaenigma,pokeapi:item_names.csv
item,Enigma Stone,Misticristal,pokeapi:item_names.csv
item,Enigmatic Card,Lettera segreta,pokeapi:item_names.csv
item,Eon Flute,Flauto Eone,pokeapi:item_names.csv
item,Eon Ticket,Biglietto Eone,pokeapi:item_names.csv
item,Escape Rope,Fune di fuga,pokeapi:item_names.csv
item,Ether,Etere,pokeapi:item_names.csv
item,Everstone,Pietrastante,pokeapi:item_names.csv
item,Eviolite,Evolcondensa,pokeapi:item_names.csv
item,Exeggcute Candy,Caramella Exeggcute,pokeapi:item_names.csv
item,Exercise Ball,Palla fitness,pokeapi:item_names.csv
item,Exp. Candy L,Caram. Esp. L,pokeapi:item_names.csv
item,Exp. Candy M,Caram. Esp. M,pokeapi:item_names.csv
item,Exp. Candy S,Caram. Esp. S,pokeapi:item_names.csv
item,Exp. Candy XL,Caram. Esp. XL,pokeapi:item_names.csv
item,Exp. Candy XS,Caram. Esp. XS,pokeapi:item_names.csv
item,Exp. Charm,Esperienzamuleto,pokeapi:item_names.csv
item,Exp. Share,Condividi esp.,pokeapi:item_names.csv
item,Expert Belt,Abilcintura,pokeapi:item_names.csv
item,Explorer Kit,Esplorokit,pokeapi:item_names.csv
item,Fab Mail,Mess. Lusso,pokeapi:item_names.csv
item,Fairium Z,Follectium Z,pokeapi:item_names.csv
item,Fairy Feather,Piuma fatata,pokeapi:item_names.csv
item,Fairy Gem,Bijoufolletto,pokeapi:item_names.csv
item,Fairy Memory,ROM Folletto,pokeapi:item_names.csv
item,Fairy Tera Shard,Teralite Folletto,pokeapi:item_names.csv
item,Falinks Sweat,Sudore di Falinks,pokeapi:item_names.csv
item,Fame Checker,PokéVIP,pokeapi:item_names.csv
item,Fancy Apple,Mela prelibata,pokeapi:item_names.csv
item,Farfetch’d Candy,Caramella Farfetch’d,pokeapi:item_names.csv
item,Fashion Case,Scatola Chic,pokeapi:item_names.csv
item,Fast Ball,Rapid Ball,pokeapi:item_names.csv
item,Favored Mail,Messaggio TVB,pokeapi:item_names.csv
item,Feather Ball,Piuma Ball,pokeapi:item_names.csv
item,Feebas Scales,Squama di Feebas,pokeapi:item_names.csv
item,Festival Ticket,Festicket,pokeapi:item_names.csv
item,Fidough Fur,Pelo di Fidough,pokeapi:item_names.csv
item,Fighting Gem,Bijoulotta,pokeapi:item_names.csv
item,Fighting Memory,ROM Lotta,pokeapi:item_names.csv
item,Fighting Tera Shard,Teralite Lotta,pokeapi:item_names.csv
item,Fightinium Z,Luctium Z,pokeapi:item_names.csv
item,Figy Berry,Baccafico,pokeapi:item_names.csv
item,Finizen Mucus,Muco di Finizen,pokeapi:item_names.csv
item,Finneon Scales,Squama di Finneon,pokeapi:item_names.csv
item,Fire Gem,Bijoufuoco,pokeapi:item_names.csv
item,Fire Memory,ROM Fuoco,pokeapi:item_names.csv
item,Fire Pattern Cup,Tazza con fiamme,pokeapi:item_names.csv
item,Fire Stone,Pietrafocaia,pokeapi:item_names.csv
item,Fire Tera Shard,Teralite Fuoco,pokeapi:item_names.csv
item,Firium Z,Pirium Z,pokeapi:item_names.csv
item,Fishing Rod,Amo,pokeapi:item_names.csv
item,Fist Plate,Lastrapugno,pokeapi:item_names.csv
item,Flabébé Pollen,Polline di Flabébé,pokeapi:item_names.csv
item,Flame Mail,Mess. Fiamma,pokeapi:item_names.csv
item,Flame Orb,Fiammosfera,pokeapi:item_names.csv
item,Flame Plate,Lastrarogo,pokeapi:item_names.csv
item,Flamigo Down,Piuma di Flamigo,pokeapi:item_names.csv
item,Fletchling Feather,Penna di Fletchling,pokeapi:item_names.csv
item,Flittle Down,Piuma di Flittle,pokeapi:item_names.csv
item,Float Stone,Pietralieve,pokeapi:item_names.csv
item,Flower Pattern Cup,Tazza a fiori,pokeapi:item_names.csv
item,Flower Sweet,Bonbonfiore,pokeapi:item_names.csv
item,Fluffy Tail,Coda Skitty,pokeapi:item_names.csv
item,Flying Gem,Bijouvolante,pokeapi:item_names.csv
item,Flying Memory,ROM Volante,pokeapi:item_names.csv
item,Flying Tera Shard,Teralite Volante,pokeapi:item_names.csv
item,Flyinium Z,Volantium Z,pokeapi:item_names.csv
item,Focus Band,Bandana,pokeapi:item_names.csv
item,Focus Sash,Focalnastro,pokeapi:item_names.csv
item,Fomantis Leaf,Foglia di Fomantis,pokeapi:item_names.csv
item,Foongus Spores,Spore di Foongus,pokeapi:item_names.csv
item,Forage Bag,Portaingredienti,pokeapi:item_names.csv
item,Fossilized Bird,Ornitofossile,pokeapi:item_names.csv
item,Fossilized Dino,Plesiofossile,pokeapi:item_names.csv
item,Fossilized Drake,Dracofossile,pokeapi:item_names.csv
item,Fossilized Fish,Ittiofossile,pokeapi:item_names.csv
item,Fresh Cream,Panna da cucina,pokeapi:item_names.csv
item,Fresh Water,Acqua fresca,pokeapi:item_names.csv
item,Fried Fillet,Filetto impanato,pokeapi:item_names.csv
item,Fried Food,Fritto misto,pokeapi:item_names.csv
item,Friend Ball,Friend Ball,pokeapi:item_names.csv
item,Frigibax Scales,Squama di Frigibax,pokeapi:item_names.csv
item,Fruit Bunch,Frutti,pokeapi:item_names.csv
item,Full Heal,Cura totale,pokeapi:item_names.csv
item,Full Incense,Gonfioaroma,pokeapi:item_names.csv
item,Full Restore,Ricarica totale,pokeapi:item_names.csv
item,GB Sounds,Lettore GB,pokeapi:item_names.csv
item,Galactic Key,Galachiave,pokeapi:item_names.csv
item,Galarica Cuff,Fascia Galarnoce,pokeapi:item_names.csv
item,Galarica Twig,Ramo Galarnoce,pokeapi:item_names.csv
item,Galarica Wreath,Corona Galarnoce,pokeapi:item_names.csv
item,Galladite,Galladite,pokeapi:item_names.csv
item,Ganlon Berry,Baccalongan,pokeapi:item_names.csv
item,Garchompite,Garchompite,pokeapi:item_names.csv
item,Gardevoirite,Gardevoirite,pokeapi:item_names.csv
item,Gastly Candy,Caramella Gastly,pokeapi:item_names.csv
item,Gastly Gas,Gas di Gastly,pokeapi:item_names.csv
item,Gengarite,Gengarite,pokeapi:item_names.csv
item,Genius Feather,Piumingegno,pokeapi:item_names.csv
item,Genius Mochi,Mochi dell’ingegno,pokeapi:item_names.csv
item,Gentle Mint,Menta Gentile,pokeapi:item_names.csv
item,Geodude Candy,Caramella Geodude,pokeapi:item_names.csv
item,Geodude Fragment,Frammento di Geodude,pokeapi:item_names.csv
item,Ghost Gem,Bijouspettro,pokeapi:item_names.csv
item,Ghost Memory,ROM Spettro,pokeapi:item_names.csv
item,Ghost Tera Shard,Teralite Spettro,pokeapi:item_names.csv
item,Ghostium Z,Spectrium Z,pokeapi:item_names.csv
item,Gible Scales,Squama di Gible,pokeapi:item_names.csv
item,Gigantamix,Gigaspezia,pokeapi:item_names.csv
item,Gigaton Ball,Gigaton Ball,pokeapi:item_names.csv
item,Gimmighoul Coin,Moneta di Gimmighoul,pokeapi:item_names.csv
item,Girafarig Fur,Pelo di Girafarig,pokeapi:item_names.csv
item,Glalitite,Glalite,pokeapi:item_names.csv
item,Gligar Fang,Zanna di Gligar,pokeapi:item_names.csv
item,Glimmering Charm,Brillamuleto,pokeapi:item_names.csv
item,Glimmet Crystal,Cristallo di Glimmet,pokeapi:item_names.csv
item,Glitter Mail,Mess. Luci,pokeapi:item_names.csv
item,Go-Goggles,Occhialoni,pokeapi:item_names.csv
item,Gold Bottle,Borraccia oro,pokeapi:item_names.csv
item,Gold Bottle Cap,Tappo d’oro,pokeapi:item_names.csv
item,Gold Cup,Tazza oro,pokeapi:item_names.csv
item,Gold Leaf,Fogliadoro,pokeapi:item_names.csv
item,Gold Pick,Stecchino oro,pokeapi:item_names.csv
item,Gold Teeth,Denti d’oro,pokeapi:item_names.csv
item,Goldeen Candy,Caramella Goldeen,pokeapi:item_names.csv
item,Golden Nanab Berry,Baccabana dorata,pokeapi:item_names.csv
item,Golden Pinap Berry,Baccananas dorata,pokeapi:item_names.csv
item,Golden Razz Berry,Baccalampon dorata,pokeapi:item_names.csv
item,Good Rod,Amo Buono,pokeapi:item_names.csv
item,Gooey Mulch,Fertilcolla,pokeapi:item_names.csv
item,Goomy Goo,Bava di Goomy,pokeapi:item_names.csv
item,Gothita Eyelash,Ciglia di Gothita,pokeapi:item_names.csv
item,Gracidea,Gracidea,pokeapi:item_names.csv
item,Gram 1,Missiva 1,pokeapi:item_names.csv
item,Gram 2,Missiva 2,pokeapi:item_names.csv
item,Gram 3,Missiva 3,pokeapi:item_names.csv
item,Grass Gem,Bijouerba,pokeapi:item_names.csv
item,Grass Mail,Mess. Erba,pokeapi:item_names.csv
item,Grass Memory,ROM Erba,pokeapi:item_names.csv
item,Grass Tera Shard,Teralite Erba,pokeapi:item_names.csv
item,Grassium Z,Herbium Z,pokeapi:item_names.csv
item,Grassy Seed,Erbaseme,pokeapi:item_names.csv
item,Great Ball,Mega Ball,pokeapi:item_names.csv
item,Greavard Wax,Cera di Greavard,pokeapi:item_names.csv
item,Green Apricorn,Ghicocca Verde,pokeapi:item_names.csv
item,Green Bell Pepper,Peperone verde,pokeapi:item_names.csv
item,Green Dish,Piatto verde,pokeapi:item_names.csv
item,Green Petal,Petalo verde,pokeapi:item_names.csv
item,Green Poké Ball Pick,Stecchino Ball verde,pokeapi:item_names.csv
item,Green Scarf,Fascia Verde,pokeapi:item_names.csv
item,Green Shard,Coccio Verde,pokeapi:item_names.csv
item,Greet Mail,Messaggio Inizio,pokeapi:item_names.csv
item,Grepa Berry,Baccauva,pokeapi:item_names.csv
item,Grimer Candy,Caramella Grimer,pokeapi:item_names.csv
item,Grimer Toxin,Tossine di Grimer,pokeapi:item_names.csv
item,Grip Claw,Presartigli,pokeapi:item_names.csv
item,Griseous Core,Grigiosferoide,pokeapi:item_names.csv
item,Griseous Orb,Grigiosfera,pokeapi:item_names.csv
item,Ground Gem,Bijouterra,pokeapi:item_names.csv
item,Ground Memory,ROM Terra,pokeapi:item_names.csv
item,Ground Tera Shard,Teralite Terra,pokeapi:item_names.csv
item,Groundium Z,Terrium Z,pokeapi:item_names.csv
item,Growlithe Candy,Caramella Growlithe,pokeapi:item_names.csv
item,Growlithe Fur,Pelo di Growlithe,pokeapi:item_names.csv
item,Growth Mulch,Fertilrapido,pokeapi:item_names.csv
item,Grubbin Thread,Filo di Grubbin,pokeapi:item_names.csv
item,Grubby Hanky,Pezza Sporca,pokeapi:item_names.csv
item,Guard Spec.,Superguardia,pokeapi:item_names.csv
item,Gulpin Mucus,Muco di Gulpin,pokeapi:item_names.csv
item,Gyaradosite,Gyaradosite,pokeapi:item_names.csv
item,HM01,MN01,pokeapi:item_names.csv
item,HM02,MN02,pokeapi:item_names.csv
item,HM03,MN03,pokeapi:item_names.csv
item,HM04,MN04,pokeapi:item_names.csv
item,HM05,MN05,pokeapi:item_names.csv
item,HM06,MN06,pokeapi:item_names.csv
item,HM07,MN07,pokeapi:item_names.csv
item,HM08,MN08,pokeapi:item_names.csv
item,HP Up,PS-Su,pokeapi:item_names.csv
item,Haban Berry,Baccahaban,pokeapi:item_names.csv
item,Ham,Prosciutto cotto,pokeapi:item_names.csv
item,Hamburger,Hamburger grigliato,pokeapi:item_names.csv
item,Happiny Dust,Oggetto di Happiny,pokeapi:item_names.csv
item,Harbor Mail,Mess. Porto,pokeapi:item_names.csv
item,Hard Stone,Pietradura,pokeapi:item_names.csv
item,Hasty Mint,Menta Lesta,pokeapi:item_names.csv
item,Hatenna Dust,Oggetto di Hatenna,pokeapi:item_names.csv
item,Hawlucha Down,Piuma di Hawlucha,pokeapi:item_names.csv
item,Heal Ball,Cura Ball,pokeapi:item_names.csv
item,Heal Powder,Polvocura,pokeapi:item_names.csv
item,Health Candy,Caramella vitalità S,pokeapi:item_names.csv
item,Health Candy L,Caramella vitalità M,pokeapi:item_names.csv
item,Health Candy XL,Caramella vitalità L,pokeapi:item_names.csv
item,Health Feather,Piumsalute,pokeapi:item_names.csv
item,Health Mochi,Mochi della salute,pokeapi:item_names.csv
item,Heart Mail,Mess. Cuore,pokeapi:item_names.csv
item,Heart Scale,Squama Cuore,pokeapi:item_names.csv
item,Hearthflame Mask,Maschera Focolare,pokeapi:item_names.csv
item,Heat Rock,Rocciacalda,pokeapi:item_names.csv
item,Heavy Ball,Peso Ball,pokeapi:item_names.csv
item,Heavy-Duty Boots,Scarponi robusti,pokeapi:item_names.csv
item,Helix Fossil,Helixfossile,pokeapi:item_names.csv
item,Heracronite,Heracrossite,pokeapi:item_names.csv
item,Heracross Claw,Artiglio di Heracross,pokeapi:item_names.csv
item,Herbed Sausage,Salsiccia alle erbe,pokeapi:item_names.csv
item,Heroic Sword Pick,Stecchino spadone,pokeapi:item_names.csv
item,Hi-tech Earbuds,Supertappi,pokeapi:item_names.csv
item,Hippopotas Sand,Sabbia di Hippopotas,pokeapi:item_names.csv
item,Hitmonchan Candy,Caramella Hitmonchan,pokeapi:item_names.csv
item,Hitmonlee Candy,Caramella Hitmonlee,pokeapi:item_names.csv
item,Holo Caster,Holovox,pokeapi:item_names.csv
item,Hondew Berry,Baccamelon,pokeapi:item_names.csv
item,Honey,Miele,pokeapi:item_names.csv
item,Honor of Kalos,Emblema di Kalos,pokeapi:item_names.csv
item,Hoothoot Feather,Penna di Hoothoot,pokeapi:item_names.csv
item,Hoppip Leaf,Foglia di Hoppip,pokeapi:item_names.csv
item,Horsea Candy,Caramella Horsea,pokeapi:item_names.csv
item,Horseradish,Rafano,pokeapi:item_names.csv
item,Houndoominite,Houndoomite,pokeapi:item_names.csv
item,Houndour Fang,Zanna di Houndour,pokeapi:item_names.csv
item,Hyper Potion,Iperpozione,pokeapi:item_names.csv
item,Iapapa Berry,Baccapaia,pokeapi:item_names.csv
item,Ice Gem,Bijoughiaccio,pokeapi:item_names.csv
item,Ice Heal,Antigelo,pokeapi:item_names.csv
item,Ice Memory,ROM Ghiaccio,pokeapi:item_names.csv
item,Ice Stone,Pietragelo,pokeapi:item_names.csv
item,Ice Tera Shard,Teralite Ghiaccio,pokeapi:item_names.csv
item,Iceroot Carrot,Carota algida,pokeapi:item_names.csv
item,Icicle Plate,Lastragelo,pokeapi:item_names.csv
item,Icium Z,Glacium Z,pokeapi:item_names.csv
item,Icy Rock,Rocciafredda,pokeapi:item_names.csv
item,Igglybuff Fluff,Pelo di Igglybuff,pokeapi:item_names.csv
item,Ilima Normalium Z,Normium Z Liam,pokeapi:item_names.csv
item,Illumise Fluid,Fluido di Illumise,pokeapi:item_names.csv
item,Impidimp Hair,Pelo di Impidimp,pokeapi:item_names.csv
item,Impish Mint,Menta Scaltra,pokeapi:item_names.csv
item,Incinium Z,Incineronium Z,pokeapi:item_names.csv
item,Indeedee Fur,Pelo di Indeedee,pokeapi:item_names.csv
item,Inquiry Mail,Messaggio Chiedi,pokeapi:item_names.csv
item,Insect Plate,Lastrabaco,pokeapi:item_names.csv
item,Instant Noodles,Noodle precotti,pokeapi:item_names.csv
item,Intriguing Stone,Sasso suggestivo,pokeapi:item_names.csv
item,Iron,Ferro,pokeapi:item_names.csv
item,Iron Ball,Ferropalla,pokeapi:item_names.csv
item,Iron Plate,Lastraferro,pokeapi:item_names.csv
item,Item Drop,Lascioggetto,pokeapi:item_names.csv
item,Item Urge,Chiamoggetto,pokeapi:item_names.csv
item,Jaboca Berry,Baccajaba,pokeapi:item_names.csv
item,Jade Orb,Sfera Verde,pokeapi:item_names.csv
item,Jalapeño,Jalapeño,pokeapi:item_names.csv
item,Jam,Confettura di bosco,pokeapi:item_names.csv
item,Jangmo-o Scales,Squama di Jangmo-o,pokeapi:item_names.csv
item,Jaw Fossil,Fossilmascella,pokeapi:item_names.csv
item,Jet Ball,Jet Ball,pokeapi:item_names.csv
item,Jigglypuff Candy,Caramella Jigglypuff,pokeapi:item_names.csv
item,Jolly Mint,Menta Allegra,pokeapi:item_names.csv
item,Journal,Agenda,pokeapi:item_names.csv
item,Jynx Candy,Caramella Jynx,pokeapi:item_names.csv
item,Kabuto Candy,Caramella Kabuto,pokeapi:item_names.csv
item,Kangaskhan Candy,Caramella Kangaskhan,pokeapi:item_names.csv
item,Kangaskhanite,Kangaskhanite,pokeapi:item_names.csv
item,Kasib Berry,Baccacitrus,pokeapi:item_names.csv
item,Kebia Berry,Baccakebia,pokeapi:item_names.csv
item,Kee Berry,Baccalighia,pokeapi:item_names.csv
item,Kelpsy Berry,Baccalga,pokeapi:item_names.csv
item,Ketchup,Ketchup,pokeapi:item_names.csv
item,Key Stone,Pietrachiave,pokeapi:item_names.csv
item,Key to Room 1,Chiave stanza 1,pokeapi:item_names.csv
item,Key to Room 2,Chiave stanza 2,pokeapi:item_names.csv
item,Key to Room 4,Chiave stanza 4,pokeapi:item_names.csv
item,Key to Room 6,Chiave stanza 6,pokeapi:item_names.csv
item,King’s Rock,Roccia di Re,pokeapi:item_names.csv
item,Kiwi,Kiwi,pokeapi:item_names.csv
item,Klawf Claw,Chela di Klawf,pokeapi:item_names.csv
item,Klawf Stick,Surimi di Klawf,pokeapi:item_names.csv
item,Klefki Key,Chiave di Klefki,pokeapi:item_names.csv
item,Koffing Candy,Caramella Koffing,pokeapi:item_names.csv
item,Koffing Gas,Gas di Koffing,pokeapi:item_names.csv
item,Kofu’s Wallet,Portafogli di Algaro,pokeapi:item_names.csv
item,Komala Claw,Artiglio di Komala,pokeapi:item_names.csv
item,Kommonium Z,Kommonium Z,pokeapi:item_names.csv
item,Koraidon’s Poké Ball,Poké Ball Koraidon,pokeapi:item_names.csv
item,Krabby Candy,Caramella Krabby,pokeapi:item_names.csv
item,Kricketot Shell,Esuvia di Kricketot,pokeapi:item_names.csv
item,Lagging Tail,Rallentocoda,pokeapi:item_names.csv
item,Lansat Berry,Baccalangsa,pokeapi:item_names.csv
item,Lapras Candy,Caramella Lapras,pokeapi:item_names.csv
item,Large Leek,Grosso porro,pokeapi:item_names.csv
item,Larvesta Fuzz,Pelo di Larvesta,pokeapi:item_names.csv
item,Larvitar Claw,Artiglio di Larvitar,pokeapi:item_names.csv
item,Latiasite,Latiasite,pokeapi:item_names.csv
item,Latiosite,Latiosite,pokeapi:item_names.csv
item,Lava Cookie,Lavottino,pokeapi:item_names.csv
item,Lax Incense,Distraroma,pokeapi:item_names.csv
item,Lax Mint,Menta Fiacca,pokeapi:item_names.csv
item,Leaden Ball,Megaton Ball,pokeapi:item_names.csv
item,Leader’s Crest,Simbolo del capo,pokeapi:item_names.csv
item,Leaf Letter,Foglialettera,pokeapi:item_names.csv
item,Leaf Stone,Pietrafoglia,pokeapi:item_names.csv
item,Leafy Tablecloth,Tovaglia natura,pokeapi:item_names.csv
item,Lechonk Hair,Pelo di Lechonk,pokeapi:item_names.csv
item,Leek,Gambo,pokeapi:item_names.csv
item,Left Poké Ball,Poké Ball altrui,pokeapi:item_names.csv
item,Leftovers,Avanzi,pokeapi:item_names.csv
item,Legend Plate,Lastraleggenda,pokeapi:item_names.csv
item,Legendary Clue 1,Leggenda 1,pokeapi:item_names.csv
item,Legendary Clue 2,Leggenda 2,pokeapi:item_names.csv
item,Legendary Clue 3,Leggenda 3,pokeapi:item_names.csv
item,Legendary Clue?,Leggenda ?,pokeapi:item_names.csv
item,Lemonade,Lemonsucco,pokeapi:item_names.csv
item,Lens Case,Portalenti,pokeapi:item_names.csv
item,Leppa Berry,Baccamela,pokeapi:item_names.csv
item,Letter,Lettera,pokeapi:item_names.csv
item,Lettuce,Lattuga,pokeapi:item_names.csv
item,Level Ball,Level Ball,pokeapi:item_names.csv
item,Liberty Pass,Liberticket,pokeapi:item_names.csv
item,Lickitung Candy,Caramella Lickitung,pokeapi:item_names.csv
item,Liechi Berry,Baccalici,pokeapi:item_names.csv
item,Life Orb,Assorbisfera,pokeapi:item_names.csv
item,Lift Key,Chiave ascensore,pokeapi:item_names.csv
item,Light Ball,Elettropalla,pokeapi:item_names.csv
item,Light Clay,Creta Luce,pokeapi:item_names.csv
item,Light Stone,Chiarolite,pokeapi:item_names.csv
item,Like Mail,Mess. Sugg.,pokeapi:item_names.csv
item,Lilac Tablecloth,Tovaglia lilla,pokeapi:item_names.csv
item,Linking Cord,Filo dell’unione,pokeapi:item_names.csv
item,Litleo Tuft,Crine di Litleo,pokeapi:item_names.csv
item,Litwick Soot,Fuliggine di Litwick,pokeapi:item_names.csv
item,Loaded Dice,Dado truccato,pokeapi:item_names.csv
item,Lock Capsule,Capsula Scrigno,pokeapi:item_names.csv
item,Lone Earring,Orecchino,pokeapi:item_names.csv
item,Lonely Mint,Menta Schiva,pokeapi:item_names.csv
item,Looker Ticket,Carta Bellocchio,pokeapi:item_names.csv
item,Loot Sack,Bottinosacca,pokeapi:item_names.csv
item,Lopunnite,Lopunnite,pokeapi:item_names.csv
item,Lost Item,Strumento perso,pokeapi:item_names.csv
item,Lotad Leaf,Foglia di Lotad,pokeapi:item_names.csv
item,Love Ball,Love Ball,pokeapi:item_names.csv
item,Love Sweet,Bonboncuore,pokeapi:item_names.csv
item,Lucarionite,Lucarite,pokeapi:item_names.csv
item,Luck Incense,Fortunaroma,pokeapi:item_names.csv
item,Lucky Egg,Fortunuovo,pokeapi:item_names.csv
item,Lucky Punch,Fortunpugno,pokeapi:item_names.csv
item,Lum Berry,Baccaprugna,pokeapi:item_names.csv
item,Luminous Moss,Muschioluce,pokeapi:item_names.csv
item,Lumiose Galette,Pan di Lumi,pokeapi:item_names.csv
item,Lunalium Z,Lunalium Z,pokeapi:item_names.csv
item,Lunar Wing,Alalunare,pokeapi:item_names.csv
item,Lure,Profumo invito,pokeapi:item_names.csv
item,Lure Ball,Esca Ball,pokeapi:item_names.csv
item,Lustrous Globe,Splendisferoide,pokeapi:item_names.csv
item,Lustrous Orb,Splendisfera,pokeapi:item_names.csv
item,Luvdisc Scales,Squama di Luvdisc,pokeapi:item_names.csv
item,Luxury Ball,Chic Ball,pokeapi:item_names.csv
item,Lycanium Z,Lycanrochium Z,pokeapi:item_names.csv
item,Mach Bike,Bici da corsa,pokeapi:item_names.csv
item,Machine Part,Pezzo macch.,pokeapi:item_names.csv
item,Macho Brace,Crescicappa,pokeapi:item_names.csv
item,Machop Candy,Caramella Machop,pokeapi:item_names.csv
item,Magical Heart Pick,Stecchino magicuore,pokeapi:item_names.csv
item,Magical Star Pick,Stecchino magistella,pokeapi:item_names.csv
item,Magikarp Candy,Caramella Magikarp,pokeapi:item_names.csv
item,Magikarp Scales,Squama di Magikarp,pokeapi:item_names.csv
item,Magma Emblem,Stemma Magma,pokeapi:item_names.csv
item,Magma Stone,Magmapietra,pokeapi:item_names.csv
item,Magma Suit,Tuta Magma,pokeapi:item_names.csv
item,Magmar Candy,Caramella Magmar,pokeapi:item_names.csv
item,Magmarizer,Magmatore,pokeapi:item_names.csv
item,Magnemite Candy,Caramella Magnemite,pokeapi:item_names.csv
item,Magnemite Screw,Vite di Magnemite,pokeapi:item_names.csv
item,Magnet,Calamita,pokeapi:item_names.csv
item,Mago Berry,Baccamango,pokeapi:item_names.csv
item,Magost Berry,Baccagostan,pokeapi:item_names.csv
item,Makeup Bag,Trousse,pokeapi:item_names.csv
item,Makuhita Sweat,Sudore di Makuhita,pokeapi:item_names.csv
item,Malicious Armor,Armatura infausta,pokeapi:item_names.csv
item,Manectite,Manectricite,pokeapi:item_names.csv
item,Mankey Candy,Caramella Mankey,pokeapi:item_names.csv
item,Mankey Fur,Pelo di Mankey,pokeapi:item_names.csv
item,Maranga Berry,Baccapane,pokeapi:item_names.csv
item,Marble,Biglia,pokeapi:item_names.csv
item,Mareanie Spike,Aculeo di Mareanie,pokeapi:item_names.csv
item,Mareep Wool,Lana di Mareep,pokeapi:item_names.csv
item,Marill Ball,Palla Marill,pokeapi:item_names.csv
item,Mark Charm,Emblemamuleto,pokeapi:item_names.csv
item,Marmalade,Marmellata,pokeapi:item_names.csv
item,Marshadium Z,Marshadium Z,pokeapi:item_names.csv
item,Maschiff Fang,Zanna di Maschiff,pokeapi:item_names.csv
item,Master Ball,Master Ball,pokeapi:item_names.csv
item,Masterpiece Teacup,Tazza eccezionale,pokeapi:item_names.csv
item,Mawilite,Mawilite,pokeapi:item_names.csv
item,Max Elixir,Elisir Max,pokeapi:item_names.csv
item,Max Ether,Etere Max,pokeapi:item_names.csv
item,Max Honey,Mielemax,pokeapi:item_names.csv
item,Max Lure,Profumo Max,pokeapi:item_names.csv
item,Max Mushrooms,Fungomax,pokeapi:item_names.csv
item,Max Potion,Pozione Max,pokeapi:item_names.csv
item,Max Repel,Repellente Max,pokeapi:item_names.csv
item,Max Revive,Revitalizz. Max,pokeapi:item_names.csv
item,Mayonnaise,Maionese,pokeapi:item_names.csv
item,Meadow Plate,Lastraprato,pokeapi:item_names.csv
item,Mech Mail,Mess. Tecno,pokeapi:item_names.csv
item,Medal Box,Box Premi,pokeapi:item_names.csv
item,Medichamite,Medichamite,pokeapi:item_names.csv
item,Medicine Pocket,Tasca rimedi,pokeapi:item_names.csv
item,Meditite Sweat,Sudore di Meditite,pokeapi:item_names.csv
item,Mega Anchor,Megaancora,pokeapi:item_names.csv
item,Mega Anklet,Megagambale,pokeapi:item_names.csv
item,Mega Bracelet,Megabracciale,pokeapi:item_names.csv
item,Mega Charm,Megaciondolo,pokeapi:item_names.csv
item,Mega Cuff,Megapolsiera,pokeapi:item_names.csv
item,Mega Glasses,Megaocchiali,pokeapi:item_names.csv
item,Mega Glove,Megaguanto,pokeapi:item_names.csv
item,Mega Pendant,Megapendente,pokeapi:item_names.csv
item,Mega Ring,Megacerchio,pokeapi:item_names.csv
item,Mega Stickpin,Megaspilla,pokeapi:item_names.csv
item,Mega Tiara,Megadiadema,pokeapi:item_names.csv
item,Meltan Candy,Caramella Meltan,pokeapi:item_names.csv
item,Member Card,Scheda Soci,pokeapi:item_names.csv
item,Mental Herb,Mentalerba,pokeapi:item_names.csv
item,Meowth Candy,Caramella Meowth,pokeapi:item_names.csv
item,Meowth Fur,Pelo di Meowth,pokeapi:item_names.csv
item,Metagrossite,Metagrossite,pokeapi:item_names.csv
item,Metal Alloy,Metallo composito,pokeapi:item_names.csv
item,Metal Coat,Metalcoperta,pokeapi:item_names.csv
item,Metal Powder,Metalpolvere,pokeapi:item_names.csv
item,Meteorite,Meteorite,pokeapi:item_names.csv
item,Meteorite Shard,Framm. meteorite,pokeapi:item_names.csv
item,Metronome,Plessimetro,pokeapi:item_names.csv
item,Mew Candy,Caramella Mew,pokeapi:item_names.csv
item,Mewnium Z,Mewnium Z,pokeapi:item_names.csv
item,Mewtwo Candy,Caramella Mewtwo,pokeapi:item_names.csv
item,Mewtwonite X,Mewtwoite X,pokeapi:item_names.csv
item,Mewtwonite Y,Mewtwoite Y,pokeapi:item_names.csv
item,Micle Berry,Baccaracolo,pokeapi:item_names.csv
item,Mienfoo Claw,Artiglio di Mienfoo,pokeapi:item_names.csv
item,Mighty Candy,Caramella potenza S,pokeapi:item_names.csv
item,Mighty Candy L,Caramella potenza M,pokeapi:item_names.csv
item,Mighty Candy XL,Caramella potenza L,pokeapi:item_names.csv
item,Mild Mint,Menta Mite,pokeapi:item_names.csv
item,Mimikium Z,Mimikyum Z,pokeapi:item_names.csv
item,Mimikyu Scrap,Brandello di Mimikyu,pokeapi:item_names.csv
item,Mind Plate,Lastramente,pokeapi:item_names.csv
item,Mint Tablecloth,Tovaglia menta,pokeapi:item_names.csv
item,Miracle Seed,Miracolseme,pokeapi:item_names.csv
item,Miraidon’s Poké Ball,Poké Ball Miraidon,pokeapi:item_names.csv
item,Mirror Herb,Foglia carbone,pokeapi:item_names.csv
item,Misdreavus Tears,Lacrime di Misdreavus,pokeapi:item_names.csv
item,Misty Seed,Nebbiaseme,pokeapi:item_names.csv
item,Mixed Mushrooms,Funghi,pokeapi:item_names.csv
item,Modest Mint,Menta Modesta,pokeapi:item_names.csv
item,Moltres Candy,Caramella Moltres,pokeapi:item_names.csv
item,Monstrous Tablecloth,Tovaglia mostruosa,pokeapi:item_names.csv
item,Moomoo Cheese,Formaggio Mumu,pokeapi:item_names.csv
item,Moomoo Milk,Latte Mumu,pokeapi:item_names.csv
item,Moon Ball,Luna Ball,pokeapi:item_names.csv
item,Moon Flute,Flauto lunare,pokeapi:item_names.csv
item,Moon Stone,Pietralunare,pokeapi:item_names.csv
item,Morpeko Snack,Seme di Morpeko,pokeapi:item_names.csv
item,Mosaic Mail,Mess. Iride,pokeapi:item_names.csv
item,Mr. Mime Candy,Caramella Mr. Mime,pokeapi:item_names.csv
item,Mudbray Mud,Fango di Mudbray,pokeapi:item_names.csv
item,Munchlax Fang,Zanna di Munchlax,pokeapi:item_names.csv
item,Murkrow Bauble,Tesoro di Murkrow,pokeapi:item_names.csv
item,Muscle Band,Muscolbanda,pokeapi:item_names.csv
item,Muscle Feather,Piumpotenza,pokeapi:item_names.csv
item,Muscle Mochi,Mochi della potenza,pokeapi:item_names.csv
item,Mustard,Senape,pokeapi:item_names.csv
item,Mystery Egg,Uovo Mistero,pokeapi:item_names.csv
item,Mystic Water,Acqua Magica,pokeapi:item_names.csv
item,MysticTicket,Bigl. Magico,pokeapi:item_names.csv
item,N-Lunarizer,Necrolunix,pokeapi:item_names.csv
item,N-Solarizer,Necrosolix,pokeapi:item_names.csv
item,Nacli Salt,Sale di Nacli,pokeapi:item_names.csv
item,Naive Mint,Menta Ingenua,pokeapi:item_names.csv
item,Nanab Berry,Baccabana,pokeapi:item_names.csv
item,Naughty Mint,Menta Birbona,pokeapi:item_names.csv
item,Nest Ball,Minor Ball,pokeapi:item_names.csv
item,Net Ball,Rete Ball,pokeapi:item_names.csv
item,Never-Melt Ice,Gelomai,pokeapi:item_names.csv
item,Nidoran♀ Candy,Caramella Nidoran♀,pokeapi:item_names.csv
item,Nidoran♂ Candy,Caramella Nidoran♂,pokeapi:item_names.csv
item,Noibat Fur,Pelo di Noibat,pokeapi:item_names.csv
item,Nomel Berry,Baccalemon,pokeapi:item_names.csv
item,Noodles,Noodle,pokeapi:item_names.csv
item,Normal Gem,Bijounormale,pokeapi:item_names.csv
item,Normal Tera Shard,Teralite Normale,pokeapi:item_names.csv
item,Normalium Z,Normium Z,pokeapi:item_names.csv
item,Nosepass Fragment,Frammento di Nosepass,pokeapi:item_names.csv
item,Nugget,Pepita,pokeapi:item_names.csv
item,Numel Lava,Lava di Numel,pokeapi:item_names.csv
item,Nymble Claw,Artiglio di Nymble,pokeapi:item_names.csv
item,Oak’s Letter,Lettera Oak,pokeapi:item_names.csv
item,Oak’s Parcel,Pacco di Oak,pokeapi:item_names.csv
item,Occa Berry,Baccacao,pokeapi:item_names.csv
item,Odd Incense,Bizzoaroma,pokeapi:item_names.csv
item,Odd Keystone,Roccianima,pokeapi:item_names.csv
item,Oddish Candy,Caramella Oddish,pokeapi:item_names.csv
item,Old Amber,Ambra antica,pokeapi:item_names.csv
item,Old Charm,Arcamuleto,pokeapi:item_names.csv
item,Old Gateau,Dolce Gateau,pokeapi:item_names.csv
item,Old Letter,Vecchia lettera,pokeapi:item_names.csv
item,Old Rod,Amo Vecchio,pokeapi:item_names.csv
item,Old Sea Map,Mappa Stinta,pokeapi:item_names.csv
item,Olive Oil,Olio d’oliva,pokeapi:item_names.csv
item,Omanyte Candy,Caramella Omanyte,pokeapi:item_names.csv
item,Onion,Cipolla,pokeapi:item_names.csv
item,Onix Candy,Caramella Onix,pokeapi:item_names.csv
item,Oran Berry,Baccarancia,pokeapi:item_names.csv
item,Orange Dish,Piatto arancione,pokeapi:item_names.csv
item,Orange Mail,Mess. Agrume,pokeapi:item_names.csv
item,Orange Petal,Petalo arancione,pokeapi:item_names.csv
item,Oranguru Fur,Pelo di Oranguru,pokeapi:item_names.csv
item,Oricorio Feather,Penna di Oricorio,pokeapi:item_names.csv
item,Origin Ball,Origin Ball,pokeapi:item_names.csv
item,Orthworm Tarnish,Ruggine di Orthworm,pokeapi:item_names.csv
item,Oval Charm,Ovamuleto,pokeapi:item_names.csv
item,Oval Stone,Pietraovale,pokeapi:item_names.csv
item,PP Max,PP-Max,pokeapi:item_names.csv
item,PP Up,PP-Su,pokeapi:item_names.csv
item,Pachirisu Fur,Pelo di Pachirisu,pokeapi:item_names.csv
item,Pack of Potatoes,Patate,pokeapi:item_names.csv
item,Packaged Curry,Curry precotto,pokeapi:item_names.csv
item,Pair of Tickets,Biglietto doppio,pokeapi:item_names.csv
item,Pal Pad,Blocco Amici,pokeapi:item_names.csv
item,Pamtre Berry,Baccapalma,pokeapi:item_names.csv
item,Paralyze Heal,Antiparalisi,pokeapi:item_names.csv
item,Paras Candy,Caramella Paras,pokeapi:item_names.csv
item,Parasol Pick,Ombrellino,pokeapi:item_names.csv
item,Parcel,Pacco,pokeapi:item_names.csv
item,Park Ball,Parco Ball,pokeapi:item_names.csv
item,Party Sparkler Pick,Stecchino scintille,pokeapi:item_names.csv
item,Pass,Superpass,pokeapi:item_names.csv
item,Pass Orb,Passabilia,pokeapi:item_names.csv
item,Passho Berry,Baccapasflo,pokeapi:item_names.csv
item,Passimian Fur,Pelo di Passimian,pokeapi:item_names.csv
item,Pasta,Pasta,pokeapi:item_names.csv
item,Pawmi Fur,Pelo di Pawmi,pokeapi:item_names.csv
item,Pawniard Blade,Lama di Pawniard,pokeapi:item_names.csv
item,Payapa Berry,Baccapayapa,pokeapi:item_names.csv
item,Peach Tablecloth,Tovaglia pesca,pokeapi:item_names.csv
item,Peanut Butter,Burro di arachidi,pokeapi:item_names.csv
item,Pearl,Perla,pokeapi:item_names.csv
item,Pearl String,Trittiperla,pokeapi:item_names.csv
item,Peat Block,Blocco di torba,pokeapi:item_names.csv
item,Pecha Berry,Baccapesca,pokeapi:item_names.csv
item,Pepper,Pepe,pokeapi:item_names.csv
item,Permit,Permesso,pokeapi:item_names.csv
item,Persim Berry,Baccaki,pokeapi:item_names.csv
item,Petaya Berry,Baccapitaya,pokeapi:item_names.csv
item,Petilil Leaf,Foglia di Petilil,pokeapi:item_names.csv
item,Pewter Crunchies,Plumbeosalatini,pokeapi:item_names.csv
item,Phanpy Nail,Unghia di Phanpy,pokeapi:item_names.csv
item,Phantump Twig,Ramo di Phantump,pokeapi:item_names.csv
item,Photo Album,Album,pokeapi:item_names.csv
item,Pichu Fur,Pelo di Pichu,pokeapi:item_names.csv
item,Pickle,Sottaceto,pokeapi:item_names.csv
item,Picnic Set,Set da picnic,pokeapi:item_names.csv
item,Pidgeotite,Pidgeotite,pokeapi:item_names.csv
item,Pidgey Candy,Caramella Pidgey,pokeapi:item_names.csv
item,Pika-Pika Pick,Stecchino Pikachu,pokeapi:item_names.csv
item,Pikachu Candy,Caramella Pikachu,pokeapi:item_names.csv
item,Pikachu Cup,Tazza Pikachu,pokeapi:item_names.csv
item,Pikanium Z,Pikacium Z,pokeapi:item_names.csv
item,Pikashunium Z,Ashpikacium Z,pokeapi:item_names.csv
item,Pinap Berry,Baccananas,pokeapi:item_names.csv
item,Pincurchin Spines,Aculeo di Pincurchin,pokeapi:item_names.csv
item,Pineapple,Ananas,pokeapi:item_names.csv
item,Pineco Husk,Guscio di Pineco,pokeapi:item_names.csv
item,Pink Apricorn,Ghicocca Rosa,pokeapi:item_names.csv
item,Pink Bottle,Borraccia rosa,pokeapi:item_names.csv
item,Pink Cup,Tazza rosa,pokeapi:item_names.csv
item,Pink Nectar,Nettare rosa,pokeapi:item_names.csv
item,Pink Petal,Petalo rosa,pokeapi:item_names.csv
item,Pink Scarf,Fascia Rosa,pokeapi:item_names.csv
item,Pink Tablecloth,Tovaglia rosa,pokeapi:item_names.csv
item,Pinsir Candy,Caramella Pinsir,pokeapi:item_names.csv
item,Pinsirite,Pinsirite,pokeapi:item_names.csv
item,Pixie Plate,Lastraspiritello,pokeapi:item_names.csv
item,Plaid Tablecloth (B),Tovaglia a quadri viola,pokeapi:item_names.csv
item,Plaid Tablecloth (R),Tovaglia a quadri rossa,pokeapi:item_names.csv
item,Plaid Tablecloth (Y),Tovaglia a quadri gialla,pokeapi:item_names.csv
item,Plasma Card,Carta Plasma,pokeapi:item_names.csv
item,Plume Fossil,Fossilpiuma,pokeapi:item_names.csv
item,Poffin Case,Portapoffin,pokeapi:item_names.csv
item,Point Card,Scheda Punti,pokeapi:item_names.csv
item,Poison Barb,Velenaculeo,pokeapi:item_names.csv
item,Poison Gem,Bijouveleno,pokeapi:item_names.csv
item,Poison Memory,ROM Veleno,pokeapi:item_names.csv
item,Poison Tera Shard,Teralite Veleno,pokeapi:item_names.csv
item,Poisonium Z,Venenium Z,pokeapi:item_names.csv
item,Poké Ball,Poké Ball,pokeapi:item_names.csv
item,Poké Doll,Poké Bambola,pokeapi:item_names.csv
item,Poké Flute,Poké Flauto,pokeapi:item_names.csv
item,Poké Radar,Poké Radar,pokeapi:item_names.csv
item,Poké Toy,Pokégingillo,pokeapi:item_names.csv
item,Pokéblock Case,PortaPokémelle,pokeapi:item_names.csv
item,Pokéblock Kit,Kit Pokémelle,pokeapi:item_names.csv
item,Pokémon Box Link,Box Pokémon,pokeapi:item_names.csv
item,Polished Mud Ball,Pallina di fango,pokeapi:item_names.csv
item,Poliwag Candy,Caramella Poliwag,pokeapi:item_names.csv
item,Poliwag Slime,Muco di Poliwag,pokeapi:item_names.csv
item,Polka-Dot Bottle,Borraccia a pois,pokeapi:item_names.csv
item,Polka-Dot Cup,Tazza a pois,pokeapi:item_names.csv
item,Polka-Dot Tablecloth,Tovaglia a pois,pokeapi:item_names.csv
item,Poltchageist Powder,Polvere di Poltchageist,pokeapi:item_names.csv
item,Pomeg Berry,Baccagrana,pokeapi:item_names.csv
item,Ponyta Candy,Caramella Ponyta,pokeapi:item_names.csv
item,Poochyena Fang,Zanna di Poochyena,pokeapi:item_names.csv
item,Porygon Candy,Caramella Porygon,pokeapi:item_names.csv
item,Potato Salad,Insalata di patate,pokeapi:item_names.csv
item,Potato Tortilla,Tortilla,pokeapi:item_names.csv
item,Potion,Pozione,pokeapi:item_names.csv
item,Powder Jar,Portafarina,pokeapi:item_names.csv
item,Power Anklet,Vigorgliera,pokeapi:item_names.csv
item,Power Band,Vigorbanda,pokeapi:item_names.csv
item,Power Belt,Vigorfascia,pokeapi:item_names.csv
item,Power Bracer,Vigorcerchio,pokeapi:item_names.csv
item,Power Herb,Vigorerba,pokeapi:item_names.csv
item,Power Lens,Vigorlente,pokeapi:item_names.csv
item,Power Plant Pass,Pass Centrale,pokeapi:item_names.csv
item,Power Weight,Vigorpeso,pokeapi:item_names.csv
item,Power-Up Pocket,Tasca potenziam.,pokeapi:item_names.csv
item,Precooked Burger,Hamburger,pokeapi:item_names.csv
item,Premier Ball,Premier Ball,pokeapi:item_names.csv
item,Pretty Feather,Piumabella,pokeapi:item_names.csv
item,Primarium Z,Primarinium Z,pokeapi:item_names.csv
item,Prism Scale,Squama Bella,pokeapi:item_names.csv
item,Prison Bottle,Vaso del vincolo,pokeapi:item_names.csv
item,Professor’s Mask,Maschera Prof.,pokeapi:item_names.csv
item,Prof’s Letter,Lettera del Prof,pokeapi:item_names.csv
item,Prop Case,Portagadget,pokeapi:item_names.csv
item,Prosciutto,Prosciutto crudo,pokeapi:item_names.csv
item,Protective Pads,Smorzaurti,pokeapi:item_names.csv
item,Protector,Copertura,pokeapi:item_names.csv
item,Protein,Proteina,pokeapi:item_names.csv
item,Psychic Gem,Bijoupsico,pokeapi:item_names.csv
item,Psychic Memory,ROM Psico,pokeapi:item_names.csv
item,Psychic Seed,Psicoseme,pokeapi:item_names.csv
item,Psychic Tera Shard,Teralite Psico,pokeapi:item_names.csv
item,Psychium Z,Psichium Z,pokeapi:item_names.csv
item,Psyduck Candy,Caramella Psyduck,pokeapi:item_names.csv
item,Psyduck Down,Piuma di Psyduck,pokeapi:item_names.csv
item,Punching Glove,Guantone,pokeapi:item_names.csv
item,Pungent Root,Erbe acquatiche,pokeapi:item_names.csv
item,Pure Incense,Puroaroma,pokeapi:item_names.csv
item,Purple Nectar,Nettare viola,pokeapi:item_names.csv
item,Purple Petal,Petalo violetto,pokeapi:item_names.csv
item,Qualot Berry,Baccaloquat,pokeapi:item_names.csv
item,Quick Ball,Velox Ball,pokeapi:item_names.csv
item,Quick Candy,Caramella rapidità S,pokeapi:item_names.csv
item,Quick Candy L,Caramella rapidità M,pokeapi:item_names.csv
item,Quick Candy XL,Caramella rapidità L,pokeapi:item_names.csv
item,Quick Claw,Rapidartigli,pokeapi:item_names.csv
item,Quick Powder,Velopolvere,pokeapi:item_names.csv
item,Quiet Mint,Menta Quieta,pokeapi:item_names.csv
item,Qwilfish Spines,Aculeo di Qwilfish,pokeapi:item_names.csv
item,RSVP Mail,Messaggio Invito,pokeapi:item_names.csv
item,Rabuta Berry,Baccambutan,pokeapi:item_names.csv
item,Radiant Petal,Petalo lucente,pokeapi:item_names.csv
item,Rage Candy Bar,Iramella,pokeapi:item_names.csv
item,Rainbow Flower,Fiore arcobaleno,pokeapi:item_names.csv
item,Rainbow Pass,Sette Pass,pokeapi:item_names.csv
item,Rainbow Wing,Ala d’Iride,pokeapi:item_names.csv
item,Ralts Dust,Oggetto di Ralts,pokeapi:item_names.csv
item,Rare Bone,Osso Raro,pokeapi:item_names.csv
item,Rare Candy,Caramella rara,pokeapi:item_names.csv
item,Rash Mint,Menta Ardente,pokeapi:item_names.csv
item,Rattata Candy,Caramella Rattata,pokeapi:item_names.csv
item,Rawst Berry,Baccafrago,pokeapi:item_names.csv
item,Razor Claw,Affilartigli,pokeapi:item_names.csv
item,Razor Fang,Affilodente,pokeapi:item_names.csv
item,Razz Berry,Baccalampon,pokeapi:item_names.csv
item,Reaper Cloth,Terrorpanno,pokeapi:item_names.csv
item,Red Apricorn,Ghicocca Rossa,pokeapi:item_names.csv
item,Red Bell Pepper,Peperone rosso,pokeapi:item_names.csv
item,Red Card,Cartelrosso,pokeapi:item_names.csv
item,Red Chain,Rossocatena,pokeapi:item_names.csv
item,Red Dish,Piatto rosso,pokeapi:item_names.csv
item,Red Flute,Flauto Rosso,pokeapi:item_names.csv
item,Red Nectar,Nettare rosso,pokeapi:item_names.csv
item,Red Onion,Cipolla rossa,pokeapi:item_names.csv
item,Red Orb,Gemma rossa,pokeapi:item_names.csv
item,Red Petal,Petalo rosso,pokeapi:item_names.csv
item,Red Poké Ball Pick,Stecchino Ball rosso,pokeapi:item_names.csv
item,Red Scale,Squama Rossa,pokeapi:item_names.csv
item,Red Scarf,Fascia Rossa,pokeapi:item_names.csv
item,Red Shard,Coccio Rosso,pokeapi:item_names.csv
item,Red-Flag Pick,Bandierina rossa,pokeapi:item_names.csv
item,Reins of Unity,Briglie legame,pokeapi:item_names.csv
item,Relaxed Mint,Menta Placida,pokeapi:item_names.csv
item,Relic Band,Bracciantico,pokeapi:item_names.csv
item,Relic Copper,Soldantico,pokeapi:item_names.csv
item,Relic Crown,Coronantica,pokeapi:item_names.csv
item,Relic Gold,Doblonantico,pokeapi:item_names.csv
item,Relic Silver,Ducatantico,pokeapi:item_names.csv
item,Relic Statue,Statuantica,pokeapi:item_names.csv
item,Relic Vase,Vasantico,pokeapi:item_names.csv
item,Rellor Mud,Fango di Rellor,pokeapi:item_names.csv
item,Repeat Ball,Bis Ball,pokeapi:item_names.csv
item,Repel,Repellente,pokeapi:item_names.csv
item,Reply Mail,Mess. Risp.,pokeapi:item_names.csv
item,Reset Urge,Ripristino,pokeapi:item_names.csv
item,Resist Feather,Piumtutela,pokeapi:item_names.csv
item,Resist Mochi,Mochi della tutela,pokeapi:item_names.csv
item,Retro Mail,Mess. Rétro,pokeapi:item_names.csv
item,Reveal Glass,Verispecchio,pokeapi:item_names.csv
item,Revival Herb,Vitalerba,pokeapi:item_names.csv
item,Revive,Revitalizzante,pokeapi:item_names.csv
item,Rhyhorn Candy,Caramella Rhyhorn,pokeapi:item_names.csv
item,Ribbon Sweet,Bonbonfiocco,pokeapi:item_names.csv
item,Rice,Riso,pokeapi:item_names.csv
item,Rich Mulch,Fertilflorido,pokeapi:item_names.csv
item,Ride Pager,Chiamapassaggio,pokeapi:item_names.csv
item,Rindo Berry,Baccarindo,pokeapi:item_names.csv
item,Ring Target,Facilsaglio,pokeapi:item_names.csv
item,Riolu Fur,Pelo di Riolu,pokeapi:item_names.csv
item,Rm. 1 Key,Chiave Cab.1,pokeapi:item_names.csv
item,Rm. 2 Key,Chiave Cab.2,pokeapi:item_names.csv
item,Rm. 4 Key,Chiave Cab.4,pokeapi:item_names.csv
item,Rm. 6 Key,Chiave Cab.6,pokeapi:item_names.csv
item,Rock Gem,Bijouroccia,pokeapi:item_names.csv
item,Rock Incense,Roccioaroma,pokeapi:item_names.csv
item,Rock Memory,ROM Roccia,pokeapi:item_names.csv
item,Rock Tera Shard,Teralite Roccia,pokeapi:item_names.csv
item,Rockium Z,Petrium Z,pokeapi:item_names.csv
item,Rockruff Rock,Roccia di Rockruff,pokeapi:item_names.csv
item,Rocky Helmet,Bitorzolelmo,pokeapi:item_names.csv
item,Roller Skates,Pattini,pokeapi:item_names.csv
item,Rolycoly Coal,Carbone di Rolycoly,pokeapi:item_names.csv
item,Rookidee Feather,Penna di Rookidee,pokeapi:item_names.csv
item,Room Service,Distorservizio,pokeapi:item_names.csv
item,Root Fossil,Radifossile,pokeapi:item_names.csv
item,Rose Incense,Rosaroma,pokeapi:item_names.csv
item,Roseli Berry,Baccarcadè,pokeapi:item_names.csv
item,Roto Bargain,Sconto’n’roll,pokeapi:item_names.csv
item,Roto Boost,Stat’n’roll,pokeapi:item_names.csv
item,Roto Catch,Acchiappa’n’roll,pokeapi:item_names.csv
item,Roto Encounter,Incontra’n’roll,pokeapi:item_names.csv
item,Roto Exp. Points,Esp’n’roll,pokeapi:item_names.csv
item,Roto Friendship,Affetto’n’roll,pokeapi:item_names.csv
item,Roto HP Restore,PS’n’roll,pokeapi:item_names.csv
item,Roto Hatch,Cova’n’roll,pokeapi:item_names.csv
item,Roto PP Restore,PP’n’roll,pokeapi:item_names.csv
item,Roto Prize Money,Soldi’n’roll,pokeapi:item_names.csv
item,Roto Stealth,Repelle’n’roll,pokeapi:item_names.csv
item,Rotom Bike,Bici Rotom,pokeapi:item_names.csv
item,Rotom Catalog,Catalogo Rotom,pokeapi:item_names.csv
item,Rotom Phone,Smart Rotom,pokeapi:item_names.csv
item,Rotom Sparks,Elettricità di Rotom,pokeapi:item_names.csv
item,Rowap Berry,Baccaroam,pokeapi:item_names.csv
item,Ruby,Rubino,pokeapi:item_names.csv
item,Rufflet Feather,Penna di Rufflet,pokeapi:item_names.csv
item,Rule Book,Libro Regole,pokeapi:item_names.csv
item,Rusted Shield,Scudo rovinato,pokeapi:item_names.csv
item,Rusted Sword,Spada rovinata,pokeapi:item_names.csv
item,S.S. Ticket,Biglietto nave,pokeapi:item_names.csv
item,Sablenite,Sableyite,pokeapi:item_names.csv
item,Sableye Gem,Gemma di Sableye,pokeapi:item_names.csv
item,Sachet,Bustina aromi,pokeapi:item_names.csv
item,Sacred Ash,Ceneremagica,pokeapi:item_names.csv
item,Safari Ball,Safari Ball,pokeapi:item_names.csv
item,Safety Goggles,Visierantisabbia,pokeapi:item_names.csv
item,Sail Fossil,Fossilpinna,pokeapi:item_names.csv
item,Salac Berry,Baccasalak,pokeapi:item_names.csv
item,Salad Mix,Verdure,pokeapi:item_names.csv
item,Salamencite,Salamencite,pokeapi:item_names.csv
item,Salandit Gas,Gas di Salandit,pokeapi:item_names.csv
item,Salt,Sale,pokeapi:item_names.csv
item,Salty Herba Mystica,Spezia nascosta salata,pokeapi:item_names.csv
item,Sandile Claw,Artiglio di Sandile,pokeapi:item_names.csv
item,Sandshrew Candy,Caramella Sandshrew,pokeapi:item_names.csv
item,Sandshrew Claw,Artiglio di Sandshrew,pokeapi:item_names.csv
item,Sandwich,Panino,pokeapi:item_names.csv
item,Sandygast Sand,Sabbia di Sandygast,pokeapi:item_names.csv
item,Sapphire,Zaffiro,pokeapi:item_names.csv
item,Sassy Mint,Menta Vivace,pokeapi:item_names.csv
item,Sausages,Salsicce,pokeapi:item_names.csv
item,Scanner,Scanner,pokeapi:item_names.csv
item,Scarlet Book,Libro scarlatto,pokeapi:item_names.csv
item,Scatterbug Powder,Polvere di Scatterbug,pokeapi:item_names.csv
item,Sceptilite,Sceptilite,pokeapi:item_names.csv
item,Scizorite,Scizorite,pokeapi:item_names.csv
item,Scope Lens,Mirino,pokeapi:item_names.csv
item,Scroll of Darkness,Rotolo del Buio,pokeapi:item_names.csv
item,Scroll of Waters,Rotolo dell’Acqua,pokeapi:item_names.csv
item,Scyther Candy,Caramella Scyther,pokeapi:item_names.csv
item,Scyther Claw,Artiglio di Scyther,pokeapi:item_names.csv
item,Sea Incense,Marearoma,pokeapi:item_names.csv
item,Seal Bag,Bollosacca,pokeapi:item_names.csv
item,Seal Case,Portabolli,pokeapi:item_names.csv
item,Secret Key,Chiave segreta,pokeapi:item_names.csv
item,Secret Potion,Pozione Segreta,pokeapi:item_names.csv
item,Seedot Stem,Picciolo di Seedot,pokeapi:item_names.csv
item,Seel Candy,Caramella Seel,pokeapi:item_names.csv
item,Sentret Fur,Pelo di Sentret,pokeapi:item_names.csv
item,Serious Mint,Menta Seria,pokeapi:item_names.csv
item,Seviper Fang,Zanna di Seviper,pokeapi:item_names.csv
item,Sewaddle Leaf,Foglia di Sewaddle,pokeapi:item_names.csv
item,Shaderoot Carrot,Carota oscura,pokeapi:item_names.csv
item,Shadow Mail,Mess. Ombra,pokeapi:item_names.csv
item,Shalour Sable,Yantafrollino,pokeapi:item_names.csv
item,Sharp Beak,Beccaffilato,pokeapi:item_names.csv
item,Sharpedonite,Sharpedite,pokeapi:item_names.csv
item,Shed Shell,Disfoguscio,pokeapi:item_names.csv
item,Shell Bell,Conchinella,pokeapi:item_names.csv
item,Shellder Candy,Caramella Shellder,pokeapi:item_names.csv
item,Shellder Pearl,Perla di Shellder,pokeapi:item_names.csv
item,Shellos Mucus,Bava di Shellos,pokeapi:item_names.csv
item,Shinx Fang,Zanna di Shinx,pokeapi:item_names.csv
item,Shiny Charm,Cromamuleto,pokeapi:item_names.csv
item,Shiny Stone,Pietrabrillo,pokeapi:item_names.csv
item,Shoal Salt,Sale Ondoso,pokeapi:item_names.csv
item,Shoal Shell,Gusciondoso,pokeapi:item_names.csv
item,Shock Drive,Voltmodulo,pokeapi:item_names.csv
item,Shroodle Ink,Inchiostro di Shroodle,pokeapi:item_names.csv
item,Shroomish Spores,Spore di Shroomish,pokeapi:item_names.csv
item,Shuca Berry,Baccanaca,pokeapi:item_names.csv
item,Shuppet Scrap,Brandello di Shuppet,pokeapi:item_names.csv
item,Silicobra Sand,Sabbia di Silicobra,pokeapi:item_names.csv
item,Silk Scarf,Sciarpa Seta,pokeapi:item_names.csv
item,Silph Scope,Spettrosonda,pokeapi:item_names.csv
item,Silver Bottle,Borraccia argento,pokeapi:item_names.csv
item,Silver Cup,Tazza argento,pokeapi:item_names.csv
item,Silver Leaf,Fogliargento,pokeapi:item_names.csv
item,Silver Nanab Berry,Baccabana argentata,pokeapi:item_names.csv
item,Silver Pick,Stecchino argento,pokeapi:item_names.csv
item,Silver Pinap Berry,Baccananas argentata,pokeapi:item_names.csv
item,Silver Powder,Argenpolvere,pokeapi:item_names.csv
item,Silver Razz Berry,Baccalampon argentata,pokeapi:item_names.csv
item,Silver Wing,Aladargento,pokeapi:item_names.csv
item,Sinistea Chip,Coccio di Sinistea,pokeapi:item_names.csv
item,Sitrus Berry,Baccacedro,pokeapi:item_names.csv
item,Skiddo Leaf,Foglia di Skiddo,pokeapi:item_names.csv
item,Skrelp Kelp,Alga di Skrelp,pokeapi:item_names.csv
item,Skull Fossil,Fossilcranio,pokeapi:item_names.csv
item,Skwovet Fur,Pelo di Skwovet,pokeapi:item_names.csv
item,Sky Plate,Lastracielo,pokeapi:item_names.csv
item,Slakoth Fur,Pelo di Slakoth,pokeapi:item_names.csv
item,Slowbronite,Slowbroite,pokeapi:item_names.csv
item,Slowpoke Candy,Caramella Slowpoke,pokeapi:item_names.csv
item,Slowpoke Claw,Artiglio di Slowpoke,pokeapi:item_names.csv
item,Slowpoke Cup,Tazza Slowpoke,pokeapi:item_names.csv
item,Slowpoke Tail,Coda Slowpoke,pokeapi:item_names.csv
item,Slugma Lava,Lava di Slugma,pokeapi:item_names.csv
item,Small Bouquet,Bouquet,pokeapi:item_names.csv
item,Smart Candy,Caramella acume S,pokeapi:item_names.csv
item,Smart Candy L,Caramella acume M,pokeapi:item_names.csv
item,Smart Candy XL,Caramella acume L,pokeapi:item_names.csv
item,Smiling Vee Pick,Stecchino veevee,pokeapi:item_names.csv
item,Smoke Ball,Palla Fumo,pokeapi:item_names.csv
item,Smoke-Poke Tail,Coda affumicata,pokeapi:item_names.csv
item,Smoked Fillet,Filetto affumicato,pokeapi:item_names.csv
item,Smoliv Oil,Olio di Smoliv,pokeapi:item_names.csv
item,Smooth Rock,Roccialiscia,pokeapi:item_names.csv
item,Sneasel Claw,Artiglio di Sneasel,pokeapi:item_names.csv
item,Snom Thread,Filo di Snom,pokeapi:item_names.csv
item,Snorlax Candy,Caramella Snorlax,pokeapi:item_names.csv
item,Snorlium Z,Snorlactium Z,pokeapi:item_names.csv
item,Snorunt Fur,Pelo di Snorunt,pokeapi:item_names.csv
item,Snover Berries,Bacca di Snover,pokeapi:item_names.csv
item,Snow Mail,Mess. Neve,pokeapi:item_names.csv
item,Snowball,Palla di neve,pokeapi:item_names.csv
item,Soda Pop,Gassosa,pokeapi:item_names.csv
item,Soft Sand,Sabbia Soffice,pokeapi:item_names.csv
item,Solganium Z,Solgaleium Z,pokeapi:item_names.csv
item,Sonia’s Book,Libro di Sonia,pokeapi:item_names.csv
item,Soot Sack,Sacco cenere,pokeapi:item_names.csv
item,Soothe Bell,Calmanella,pokeapi:item_names.csv
item,Soul Dew,Cuorugiada,pokeapi:item_names.csv
item,Sour Herba Mystica,Spezia nascosta aspra,pokeapi:item_names.csv
item,Space Mail,Mess. Spazio,pokeapi:item_names.csv
item,Sparkling Stone,Pietra lucente,pokeapi:item_names.csv
item,Spearow Candy,Caramella Spearow,pokeapi:item_names.csv
item,Spell Tag,Spettrotarga,pokeapi:item_names.csv
item,Spelon Berry,Baccamelos,pokeapi:item_names.csv
item,Spice Mix,Spezie assortite,pokeapi:item_names.csv
item,Spicy Herba Mystica,Spezia nascosta pepata,pokeapi:item_names.csv
item,Spinarak Thread,Filo di Spinarak,pokeapi:item_names.csv
item,Spiritomb Fragment,Frammento di Spiritomb,pokeapi:item_names.csv
item,Splash Plate,Lastraidro,pokeapi:item_names.csv
item,Spoink Pearl,Perla di Spoink,pokeapi:item_names.csv
item,Spooky Plate,Lastratetra,pokeapi:item_names.csv
item,Spooky Tablecloth,Tovaglia dispetto,pokeapi:item_names.csv
item,Sport Ball,Gara Ball,pokeapi:item_names.csv
item,Sprayduck,Sprayduck,pokeapi:item_names.csv
item,Sprinklotad,Irrigalotad,pokeapi:item_names.csv
item,Squawkabilly Feather,Penna di Squawkabilly,pokeapi:item_names.csv
item,Squirt Bottle,Annaffiatoio,pokeapi:item_names.csv
item,Squirtle Candy,Caramella Squirtle,pokeapi:item_names.csv
item,Stable Mulch,Fertilsaldo,pokeapi:item_names.csv
item,Stantler Hair,Pelo di Stantler,pokeapi:item_names.csv
item,Star Piece,Pezzo Stella,pokeapi:item_names.csv
item,Star Sweet,Bonbonstella,pokeapi:item_names.csv
item,Stardust,Polvostella,pokeapi:item_names.csv
item,Starf Berry,Baccambola,pokeapi:item_names.csv
item,Starly Feather,Penna di Starly,pokeapi:item_names.csv
item,Staryu Candy,Caramella Staryu,pokeapi:item_names.csv
item,Steel Bottle (B),Borraccia inox B,pokeapi:item_names.csv
item,Steel Bottle (R),Borraccia inox R,pokeapi:item_names.csv
item,Steel Bottle (Y),Borraccia inox G,pokeapi:item_names.csv
item,Steel Gem,Bijouacciaio,pokeapi:item_names.csv
item,Steel Mail,Mess. Lega,pokeapi:item_names.csv
item,Steel Memory,ROM Acciaio,pokeapi:item_names.csv
item,Steel Tera Shard,Teralite Acciaio,pokeapi:item_names.csv
item,Steelium Z,Metallium Z,pokeapi:item_names.csv
item,Steelixite,Steelixite,pokeapi:item_names.csv
item,Sticky Barb,Vischiopunta,pokeapi:item_names.csv
item,Stone Plate,Lastrapietra,pokeapi:item_names.csv
item,Stonjourner Stone,Roccia di Stonjourner,pokeapi:item_names.csv
item,Storage Key,Depochiave,pokeapi:item_names.csv
item,Strange Ball,Strange Ball,pokeapi:item_names.csv
item,Strange Souvenir,Strano ninnolo,pokeapi:item_names.csv
item,Strawberry,Fragola,pokeapi:item_names.csv
item,Strawberry Sweet,Bonbonfragola,pokeapi:item_names.csv
item,Stretchy Spring,Molla elastica,pokeapi:item_names.csv
item,Striped Bottle,Borraccia a righe,pokeapi:item_names.csv
item,Striped Cup,Tazza a righe verticali,pokeapi:item_names.csv
item,Striped Tablecloth,Tovaglia a righe,pokeapi:item_names.csv
item,Stunky Fur,Pelo di Stunky,pokeapi:item_names.csv
item,Style Card,Tessera chic,pokeapi:item_names.csv
item,Suite Key,Chiave Suite,pokeapi:item_names.csv
item,Sun Flute,Flauto solare,pokeapi:item_names.csv
item,Sun Stone,Pietrasolare,pokeapi:item_names.csv
item,Sunkern Leaf,Foglia di Sunkern,pokeapi:item_names.csv
item,Sunrise Flower Pick,Stecchino fiore rosso,pokeapi:item_names.csv
item,Sunset Flower Pick,Stecchino fiore arancio,pokeapi:item_names.csv
item,Super Lure,Superprofumo,pokeapi:item_names.csv
item,Super Potion,Superpozione,pokeapi:item_names.csv
item,Super Repel,Superrepellente,pokeapi:item_names.csv
item,Super Rod,Super Amo,pokeapi:item_names.csv
item,Surge Badge,Medaglia Tonante,pokeapi:item_names.csv
item,Surprise Mulch,Fertilsorpresa,pokeapi:item_names.csv
item,Surskit Syrup,Sciroppo di Surskit,pokeapi:item_names.csv
item,Swablu Fluff,Piuma di Swablu,pokeapi:item_names.csv
item,Swampertite,Swampertite,pokeapi:item_names.csv
item,Sweet Apple,Dolcepomo,pokeapi:item_names.csv
item,Sweet Heart,Dolcecuore,pokeapi:item_names.csv
item,Sweet Herba Mystica,Spezia nascosta dolce,pokeapi:item_names.csv
item,Swift Feather,Piumreazione,pokeapi:item_names.csv
item,Swift Mochi,Mochi della reazione,pokeapi:item_names.csv
item,Swinub Hair,Pelo di Swinub,pokeapi:item_names.csv
item,Syrupy Apple,Sciroppomo,pokeapi:item_names.csv
item,TM Case,Porta MT,pokeapi:item_names.csv
item,TM00,MT00,pokeapi:item_names.csv
item,TM01,MT01,pokeapi:item_names.csv
item,TM02,MT02,pokeapi:item_names.csv
item,TM03,MT03,pokeapi:item_names.csv
item,TM04,MT04,pokeapi:item_names.csv
item,TM05,MT05,pokeapi:item_names.csv
item,TM06,MT06,pokeapi:item_names.csv
item,TM07,MT07,pokeapi:item_names.csv
item,TM08,MT08,pokeapi:item_names.csv
item,TM09,MT09,pokeapi:item_names.csv
item,TM10,MT10,pokeapi:item_names.csv
item,TM100,MT100,pokeapi:item_names.csv
item,TM101,MT101,pokeapi:item_names.csv
item,TM102,MT102,pokeapi:item_names.csv
item,TM103,MT103,pokeapi:item_names.csv
item,TM104,MT104,pokeapi:item_names.csv
item,TM105,MT105,pokeapi:item_names.csv
item,TM106,MT106,pokeapi:item_names.csv
item,TM107,MT107,pokeapi:item_names.csv
item,TM108,MT108,pokeapi:item_names.csv
item,TM109,MT109,pokeapi:item_names.csv
item,TM11,MT11,pokeapi:item_names.csv
item,TM110,MT110,pokeapi:item_names.csv
item,TM111,MT111,pokeapi:item_names.csv
item,TM112,MT112,pokeapi:item_names.csv
item,TM113,MT113,pokeapi:item_names.csv
item,TM114,MT114,pokeapi:item_names.csv
item,TM115,MT115,pokeapi:item_names.csv
item,TM116,MT116,pokeapi:item_names.csv
item,TM117,MT117,pokeapi:item_names.csv
item,TM118,MT118,pokeapi:item_names.csv
item,TM119,MT119,pokeapi:item_names.csv
item,TM12,MT12,pokeapi:item_names.csv
item,TM120,MT120,pokeapi:item_names.csv
item,TM121,MT121,pokeapi:item_names.csv
item,TM122,MT122,pokeapi:item_names.csv
item,TM123,MT123,pokeapi:item_names.csv
item,TM124,MT124,pokeapi:item_names.csv
item,TM125,MT125,pokeapi:item_names.csv
item,TM126,MT126,pokeapi:item_names.csv
item,TM127,MT127,pokeapi:item_names.csv
item,TM128,MT128,pokeapi:item_names.csv
item,TM129,MT129,pokeapi:item_names.csv
item,TM13,MT13,pokeapi:item_names.csv
item,TM130,MT130,pokeapi:item_names.csv
item,TM131,MT131,pokeapi:item_names.csv
item,TM132,MT132,pokeapi:item_names.csv
item,TM133,MT133,pokeapi:item_names.csv
item,TM134,MT134,pokeapi:item_names.csv
item,TM135,MT135,pokeapi:item_names.csv
item,TM136,MT136,pokeapi:item_names.csv
item,TM137,MT137,pokeapi:item_names.csv
item,TM138,MT138,pokeapi:item_names.csv
item,TM139,MT139,pokeapi:item_names.csv
item,TM14,MT14,pokeapi:item_names.csv
item,TM140,MT140,pokeapi:item_names.csv
item,TM141,MT141,pokeapi:item_names.csv
item,TM142,MT142,pokeapi:item_names.csv
item,TM143,MT143,pokeapi:item_names.csv
item,TM144,MT144,pokeapi:item_names.csv
item,TM145,MT145,pokeapi:item_names.csv
item,TM146,MT146,pokeapi:item_names.csv
item,TM147,MT147,pokeapi:item_names.csv
item,TM148,MT148,pokeapi:item_names.csv
item,TM149,MT149,pokeapi:item_names.csv
item,TM15,MT15,pokeapi:item_names.csv
item,TM150,MT150,pokeapi:item_names.csv
item,TM151,MT151,pokeapi:item_names.csv
item,TM152,MT152,pokeapi:item_names.csv
item,TM153,MT153,pokeapi:item_names.csv
item,TM154,MT154,pokeapi:item_names.csv
item,TM155,MT155,pokeapi:item_names.csv
item,TM156,MT156,pokeapi:item_names.csv
item,TM157,MT157,pokeapi:item_names.csv
item,TM158,MT158,pokeapi:item_names.csv
item,TM159,MT159,pokeapi:item_names.csv
item,TM16,MT16,pokeapi:item_names.csv
item,TM160,MT160,pokeapi:item_names.csv
item,TM161,MT161,pokeapi:item_names.csv
item,TM162,MT162,pokeapi:item_names.csv
item,TM163,MT163,pokeapi:item_names.csv
item,TM164,MT164,pokeapi:item_names.csv
item,TM165,MT165,pokeapi:item_names.csv
item,TM166,MT166,pokeapi:item_names.csv
item,TM167,MT167,pokeapi:item_names.csv
item,TM168,MT168,pokeapi:item_names.csv
item,TM169,MT169,pokeapi:item_names.csv
item,TM17,MT17,pokeapi:item_names.csv
item,TM170,MT170,pokeapi:item_names.csv
item,TM171,MT171,pokeapi:item_names.csv
item,TM172,MT172,pokeapi:item_names.csv
item,TM173,MT173,pokeapi:item_names.csv
item,TM174,MT174,pokeapi:item_names.csv
item,TM175,MT175,pokeapi:item_names.csv
item,TM176,MT176,pokeapi:item_names.csv
item,TM177,MT177,pokeapi:item_names.csv
item,TM178,MT178,pokeapi:item_names.csv
item,TM179,MT179,pokeapi:item_names.csv
item,TM18,MT18,pokeapi:item_names.csv
item,TM180,MT180,pokeapi:item_names.csv
item,TM181,MT181,pokeapi:item_names.csv
item,TM182,MT182,pokeapi:item_names.csv
item,TM183,MT183,pokeapi:item_names.csv
item,TM184,MT184,pokeapi:item_names.csv
item,TM185,MT185,pokeapi:item_names.csv
item,TM186,MT186,pokeapi:item_names.csv
item,TM187,MT187,pokeapi:item_names.csv
item,TM188,MT188,pokeapi:item_names.csv
item,TM189,MT189,pokeapi:item_names.csv
item,TM19,MT19,pokeapi:item_names.csv
item,TM190,MT190,pokeapi:item_names.csv
item,TM191,MT191,pokeapi:item_names.csv
item,TM192,MT192,pokeapi:item_names.csv
item,TM193,MT193,pokeapi:item_names.csv
item,TM194,MT194,pokeapi:item_names.csv
item,TM195,MT195,pokeapi:item_names.csv
item,TM196,MT196,pokeapi:item_names.csv
item,TM197,MT197,pokeapi:item_names.csv
item,TM198,MT198,pokeapi:item_names.csv
item,TM199,MT199,pokeapi:item_names.csv
item,TM20,MT20,pokeapi:item_names.csv
item,TM200,MT200,pokeapi:item_names.csv
item,TM201,MT201,pokeapi:item_names.csv
item,TM202,MT202,pokeapi:item_names.csv
item,TM203,MT203,pokeapi:item_names.csv
item,TM204,MT204,pokeapi:item_names.csv
item,TM205,MT205,pokeapi:item_names.csv
item,TM206,MT206,pokeapi:item_names.csv
item,TM207,MT207,pokeapi:item_names.csv
item,TM208,MT208,pokeapi:item_names.csv
item,TM209,MT209,pokeapi:item_names.csv
item,TM21,MT21,pokeapi:item_names.csv
item,TM210,MT210,pokeapi:item_names.csv
item,TM211,MT211,pokeapi:item_names.csv
item,TM212,MT212,pokeapi:item_names.csv
item,TM213,MT213,pokeapi:item_names.csv
item,TM214,MT214,pokeapi:item_names.csv
item,TM215,MT215,pokeapi:item_names.csv
item,TM216,MT216,pokeapi:item_names.csv
item,TM217,MT217,pokeapi:item_names.csv
item,TM218,MT218,pokeapi:item_names.csv
item,TM219,MT219,pokeapi:item_names.csv
item,TM22,MT22,pokeapi:item_names.csv
item,TM220,MT220,pokeapi:item_names.csv
item,TM221,MT221,pokeapi:item_names.csv
item,TM222,MT222,pokeapi:item_names.csv
item,TM223,MT223,pokeapi:item_names.csv
item,TM224,MT224,pokeapi:item_names.csv
item,TM225,MT225,pokeapi:item_names.csv
item,TM226,MT226,pokeapi:item_names.csv
item,TM227,MT227,pokeapi:item_names.csv
item,TM228,MT228,pokeapi:item_names.csv
item,TM229,MT229,pokeapi:item_names.csv
item,TM23,MT23,pokeapi:item_names.csv
item,TM24,MT24,pokeapi:item_names.csv
item,TM25,MT25,pokeapi:item_names.csv
item,TM26,MT26,pokeapi:item_names.csv
item,TM27,MT27,pokeapi:item_names.csv
item,TM28,MT28,pokeapi:item_names.csv
item,TM29,MT29,pokeapi:item_names.csv
item,TM30,MT30,pokeapi:item_names.csv
item,TM31,MT31,pokeapi:item_names.csv
item,TM32,MT32,pokeapi:item_names.csv
item,TM33,MT33,pokeapi:item_names.csv
item,TM34,MT34,pokeapi:item_names.csv
item,TM35,MT35,pokeapi:item_names.csv
item,TM36,MT36,pokeapi:item_names.csv
item,TM37,MT37,pokeapi:item_names.csv
item,TM38,MT38,pokeapi:item_names.csv
item,TM39,MT39,pokeapi:item_names.csv
item,TM40,MT40,pokeapi:item_names.csv
item,TM41,MT41,pokeapi:item_names.csv
item,TM42,MT42,pokeapi:item_names.csv
item,TM43,MT43,pokeapi:item_names.csv
item,TM44,MT44,pokeapi:item_names.csv
item,TM45,MT45,pokeapi:item_names.csv
item,TM46,MT46,pokeapi:item_names.csv
item,TM47,MT47,pokeapi:item_names.csv
item,TM48,MT48,pokeapi:item_names.csv
item,TM49,MT49,pokeapi:item_names.csv
item,TM50,MT50,pokeapi:item_names.csv
item,TM51,MT51,pokeapi:item_names.csv
item,TM52,MT52,pokeapi:item_names.csv
item,TM53,MT53,pokeapi:item_names.csv
item,TM54,MT54,pokeapi:item_names.csv
item,TM55,MT55,pokeapi:item_names.csv
item,TM56,MT56,pokeapi:item_names.csv
item,TM57,MT57,pokeapi:item_names.csv
item,TM58,MT58,pokeapi:item_names.csv
item,TM59,MT59,pokeapi:item_names.csv
item,TM60,MT60,pokeapi:item_names.csv
item,TM61,MT61,pokeapi:item_names.csv
item,TM62,MT62,pokeapi:item_names.csv
item,TM63,MT63,pokeapi:item_names.csv
item,TM64,MT64,pokeapi:item_names.csv
item,TM65,MT65,pokeapi:item_names.csv
item,TM66,MT66,pokeapi:item_names.csv
item,TM67,MT67,pokeapi:item_names.csv
item,TM68,MT68,pokeapi:item_names.csv
item,TM69,MT69,pokeapi:item_names.csv
item,TM70,MT70,pokeapi:item_names.csv
item,TM71,MT71,pokeapi:item_names.csv
item,TM72,MT72,pokeapi:item_names.csv
item,TM73,MT73,pokeapi:item_names.csv
item,TM74,MT74,pokeapi:item_names.csv
item,TM75,MT75,pokeapi:item_names.csv
item,TM76,MT76,pokeapi:item_names.csv
item,TM77,MT77,pokeapi:item_names.csv
item,TM78,MT78,pokeapi:item_names.csv
item,TM79,MT79,pokeapi:item_names.csv
item,TM80,MT80,pokeapi:item_names.csv
item,TM81,MT81,pokeapi:item_names.csv
item,TM82,MT82,pokeapi:item_names.csv
item,TM83,MT83,pokeapi:item_names.csv
item,TM84,MT84,pokeapi:item_names.csv
item,TM85,MT85,pokeapi:item_names.csv
item,TM86,MT86,pokeapi:item_names.csv
item,TM87,MT87,pokeapi:item_names.csv
item,TM88,MT88,pokeapi:item_names.csv
item,TM89,MT89,pokeapi:item_names.csv
item,TM90,MT90,pokeapi:item_names.csv
item,TM91,MT91,pokeapi:item_names.csv
item,TM92,MT92,pokeapi:item_names.csv
item,TM93,MT93,pokeapi:item_names.csv
item,TM94,MT94,pokeapi:item_names.csv
item,TM95,MT95,pokeapi:item_names.csv
item,TM96,MT96,pokeapi:item_names.csv
item,TM97,MT97,pokeapi:item_names.csv
item,TM98,MT98,pokeapi:item_names.csv
item,TM99,MT99,pokeapi:item_names.csv
item,TMV Pass,Pass TMV,pokeapi:item_names.csv
item,TR00,DT00,pokeapi:item_names.csv
item,TR01,DT01,pokeapi:item_names.csv
item,TR02,DT02,pokeapi:item_names.csv
item,TR03,DT03,pokeapi:item_names.csv
item,TR04,DT04,pokeapi:item_names.csv
item,TR05,DT05,pokeapi:item_names.csv
item,TR06,DT06,pokeapi:item_names.csv
item,TR07,DT07,pokeapi:item_names.csv
item,TR08,DT08,pokeapi:item_names.csv
item,TR09,DT09,pokeapi:item_names.csv
item,TR10,DT10,pokeapi:item_names.csv
item,TR11,DT11,pokeapi:item_names.csv
item,TR12,DT12,pokeapi:item_names.csv
item,TR13,DT13,pokeapi:item_names.csv
item,TR14,DT14,pokeapi:item_names.csv
item,TR15,DT15,pokeapi:item_names.csv
item,TR16,DT16,pokeapi:item_names.csv
item,TR17,DT17,pokeapi:item_names.csv
item,TR18,DT18,pokeapi:item_names.csv
item,TR19,DT19,pokeapi:item_names.csv
item,TR20,DT20,pokeapi:item_names.csv
item,TR21,DT21,pokeapi:item_names.csv
item,TR22,DT22,pokeapi:item_names.csv
item,TR23,DT23,pokeapi:item_names.csv
item,TR24,DT24,pokeapi:item_names.csv
item,TR25,DT25,pokeapi:item_names.csv
item,TR26,DT26,pokeapi:item_names.csv
item,TR27,DT27,pokeapi:item_names.csv
item,TR28,DT28,pokeapi:item_names.csv
item,TR29,DT29,pokeapi:item_names.csv
item,TR30,DT30,pokeapi:item_names.csv
item,TR31,DT31,pokeapi:item_names.csv
item,TR32,DT32,pokeapi:item_names.csv
item,TR33,DT33,pokeapi:item_names.csv
item,TR34,DT34,pokeapi:item_names.csv
item,TR35,DT35,pokeapi:item_names.csv
item,TR36,DT36,pokeapi:item_names.csv
item,TR37,DT37,pokeapi:item_names.csv
item,TR38,DT38,pokeapi:item_names.csv
item,TR39,DT39,pokeapi:item_names.csv
item,TR40,DT40,pokeapi:item_names.csv
item,TR41,DT41,pokeapi:item_names.csv
item,TR42,DT42,pokeapi:item_names.csv
item,TR43,DT43,pokeapi:item_names.csv
item,TR44,DT44,pokeapi:item_names.csv
item,TR45,DT45,pokeapi:item_names.csv
item,TR46,DT46,pokeapi:item_names.csv
item,TR47,DT47,pokeapi:item_names.csv
item,TR48,DT48,pokeapi:item_names.csv
item,TR49,DT49,pokeapi:item_names.csv
item,TR50,DT50,pokeapi:item_names.csv
item,TR51,DT51,pokeapi:item_names.csv
item,TR52,DT52,pokeapi:item_names.csv
item,TR53,DT53,pokeapi:item_names.csv
item,TR54,DT54,pokeapi:item_names.csv
item,TR55,DT55,pokeapi:item_names.csv
item,TR56,DT56,pokeapi:item_names.csv
item,TR57,DT57,pokeapi:item_names.csv
item,TR58,DT58,pokeapi:item_names.csv
item,TR59,DT59,pokeapi:item_names.csv
item,TR60,DT60,pokeapi:item_names.csv
item,TR61,DT61,pokeapi:item_names.csv
item,TR62,DT62,pokeapi:item_names.csv
item,TR63,DT63,pokeapi:item_names.csv
item,TR64,DT64,pokeapi:item_names.csv
item,TR65,DT65,pokeapi:item_names.csv
item,TR66,DT66,pokeapi:item_names.csv
item,TR67,DT67,pokeapi:item_names.csv
item,TR68,DT68,pokeapi:item_names.csv
item,TR69,DT69,pokeapi:item_names.csv
item,TR70,DT70,pokeapi:item_names.csv
item,TR71,DT71,pokeapi:item_names.csv
item,TR72,DT72,pokeapi:item_names.csv
item,TR73,DT73,pokeapi:item_names.csv
item,TR74,DT74,pokeapi:item_names.csv
item,TR75,DT75,pokeapi:item_names.csv
item,TR76,DT76,pokeapi:item_names.csv
item,TR77,DT77,pokeapi:item_names.csv
item,TR78,DT78,pokeapi:item_names.csv
item,TR79,DT79,pokeapi:item_names.csv
item,TR80,DT80,pokeapi:item_names.csv
item,TR81,DT81,pokeapi:item_names.csv
item,TR82,DT82,pokeapi:item_names.csv
item,TR83,DT83,pokeapi:item_names.csv
item,TR84,DT84,pokeapi:item_names.csv
item,TR85,DT85,pokeapi:item_names.csv
item,TR86,DT86,pokeapi:item_names.csv
item,TR87,DT87,pokeapi:item_names.csv
item,TR88,DT88,pokeapi:item_names.csv
item,TR89,DT89,pokeapi:item_names.csv
item,TR90,DT90,pokeapi:item_names.csv
item,TR91,DT91,pokeapi:item_names.csv
item,TR92,DT92,pokeapi:item_names.csv
item,TR93,DT93,pokeapi:item_names.csv
item,TR94,DT94,pokeapi:item_names.csv
item,TR95,DT95,pokeapi:item_names.csv
item,TR96,DT96,pokeapi:item_names.csv
item,TR97,DT97,pokeapi:item_names.csv
item,TR98,DT98,pokeapi:item_names.csv
item,TR99,DT99,pokeapi:item_names.csv
item,Tadbulb Mucus,Muco di Tadbulb,pokeapi:item_names.csv
item,Tamato Berry,Baccamodoro,pokeapi:item_names.csv
item,Tandemaus Fur,Pelo di Tandemaus,pokeapi:item_names.csv
item,Tanga Berry,Baccaitan,pokeapi:item_names.csv
item,Tangela Candy,Caramella Tangela,pokeapi:item_names.csv
item,Tapunium Z,Tapium Z,pokeapi:item_names.csv
item,Tarountula Thread,Filo di Tarountula,pokeapi:item_names.csv
item,Tart Apple,Aspropomo,pokeapi:item_names.csv
item,Tatsugiri Scales,Squama di Tatsugiri,pokeapi:item_names.csv
item,Tauros Candy,Caramella Tauros,pokeapi:item_names.csv
item,Tauros Hair,Pelo di Tauros,pokeapi:item_names.csv
item,Tea,Tè,pokeapi:item_names.csv
item,Teachy TV,Pokétivù,pokeapi:item_names.csv
item,Teal Mask,Maschera Turchese,pokeapi:item_names.csv
item,Teal Style Card,Tessera chic verde,pokeapi:item_names.csv
item,Teddiursa Claw,Artiglio di Teddiursa,pokeapi:item_names.csv
item,Tentacool Candy,Caramella Tentacool,pokeapi:item_names.csv
item,Tera Orb,Terasfera,pokeapi:item_names.csv
item,Terrain Extender,Fissacampo,pokeapi:item_names.csv
item,Thanks Mail,Messaggio Grazie,pokeapi:item_names.csv
item,Thick Club,Ossospesso,pokeapi:item_names.csv
item,Throat Spray,Spray gola,pokeapi:item_names.csv
item,Thunder Stone,Pietratuono,pokeapi:item_names.csv
item,Tidal Bell,Campana Onda,pokeapi:item_names.csv
item,Timburr Sweat,Sudore di Timburr,pokeapi:item_names.csv
item,Timer Ball,Timer Ball,pokeapi:item_names.csv
item,Timid Mint,Menta Timida,pokeapi:item_names.csv
item,Tin of Beans,Lattina fagioli,pokeapi:item_names.csv
item,Tinkatink Hair,Pelo di Tinkatink,pokeapi:item_names.csv
item,Tiny Bamboo Shoot,Minibambù,pokeapi:item_names.csv
item,Tiny Mushroom,Minifungo,pokeapi:item_names.csv
item,Toedscool Flaps,Pieghe di Toedscool,pokeapi:item_names.csv
item,Tofu,Tofu,pokeapi:item_names.csv
item,Tomato,Pomodoro,pokeapi:item_names.csv
item,Torkoal Coal,Carbone di Torkoal,pokeapi:item_names.csv
item,Tough Candy,Caramella protezione S,pokeapi:item_names.csv
item,Tough Candy L,Caramella protezione M,pokeapi:item_names.csv
item,Tough Candy XL,Caramella protezione L,pokeapi:item_names.csv
item,Town Map,Mappa città,pokeapi:item_names.csv
item,Toxel Sparks,Elettricità di Toxel,pokeapi:item_names.csv
item,Toxic Orb,Tossicsfera,pokeapi:item_names.csv
item,Toxic Plate,Lastrafiele,pokeapi:item_names.csv
item,Travel Trunk,Baule per abiti,pokeapi:item_names.csv
item,Tri-Pass,Tris Pass,pokeapi:item_names.csv
item,Tropic Mail,Mess. Tropic,pokeapi:item_names.csv
item,Tropical Shell,Tropiconchiglia,pokeapi:item_names.csv
item,Tropius Leaf,Foglia di Tropius,pokeapi:item_names.csv
item,Tunnel Mail,Mess. Tunnel,pokeapi:item_names.csv
item,Twisted Spoon,Cucchiaio Torto,pokeapi:item_names.csv
item,Tynamo Slime,Muco di Tynamo,pokeapi:item_names.csv
item,Tyranitarite,Tyranitarite,pokeapi:item_names.csv
item,Ultra Ball,Ultra Ball,pokeapi:item_names.csv
item,Ultranecrozium Z,Ultranecrozium Z,pokeapi:item_names.csv
item,Unown Report,UnownBloc,pokeapi:item_names.csv
item,Unremarkable Teacup,Tazza dozzinale,pokeapi:item_names.csv
item,Upgrade,Upgrade,pokeapi:item_names.csv
item,Utility Umbrella,Superombrello,pokeapi:item_names.csv
item,Varoom Fume,Gas di Varoom,pokeapi:item_names.csv
item,Vee-Vee Pick,Stecchino Eevee,pokeapi:item_names.csv
item,Veluza Fillet,Filetto di Veluza,pokeapi:item_names.csv
item,Venonat Candy,Caramella Venonat,pokeapi:item_names.csv
item,Venonat Fang,Zanna di Venonat,pokeapi:item_names.csv
item,Venusaurite,Venusaurite,pokeapi:item_names.csv
item,Vinegar,Aceto,pokeapi:item_names.csv
item,Violet Book,Libro violetto,pokeapi:item_names.csv
item,Volbeat Fluid,Fluido di Volbeat,pokeapi:item_names.csv
item,Voltorb Candy,Caramella Voltorb,pokeapi:item_names.csv
item,Voltorb Sparks,Elettricità di Voltorb,pokeapi:item_names.csv
item,Vs. Recorder,Registradati,pokeapi:item_names.csv
item,Vs. Seeker,Cercasfide,pokeapi:item_names.csv
item,Vullaby Feather,Penna di Vullaby,pokeapi:item_names.csv
item,Vulpix Candy,Caramella Vulpix,pokeapi:item_names.csv
item,Vulpix Fur,Pelo di Vulpix,pokeapi:item_names.csv
item,Wacan Berry,Baccaparmen,pokeapi:item_names.csv
item,Wailmer Pail,Vaso Wailmer,pokeapi:item_names.csv
item,Wasabi,Wasabi,pokeapi:item_names.csv
item,Water Gem,Bijouacqua,pokeapi:item_names.csv
item,Water Memory,ROM Acqua,pokeapi:item_names.csv
item,Water Stone,Pietraidrica,pokeapi:item_names.csv
item,Water Tera Shard,Teralite Acqua,pokeapi:item_names.csv
item,Watercress,Crescione,pokeapi:item_names.csv
item,Waterium Z,Idrium Z,pokeapi:item_names.csv
item,Watmel Berry,Baccacomero,pokeapi:item_names.csv
item,Wattrel Feather,Penna di Wattrel,pokeapi:item_names.csv
item,Wave Incense,Ondaroma,pokeapi:item_names.csv
item,Wave Mail,Mess. Onda,pokeapi:item_names.csv
item,Weakness Policy,Vulneropolizza,pokeapi:item_names.csv
item,Weedle Candy,Caramella Weedle,pokeapi:item_names.csv
item,Wellspring Mask,Maschera Pozzo,pokeapi:item_names.csv
item,Wepear Berry,Baccapera,pokeapi:item_names.csv
item,Whimsical Tablecloth,Tovaglia carina,pokeapi:item_names.csv
item,Whipped Cream,Panna montata,pokeapi:item_names.csv
item,Whipped Dream,Dolcespuma,pokeapi:item_names.csv
item,White Apricorn,Ghicocca Bianca,pokeapi:item_names.csv
item,White Dish,Piatto bianco,pokeapi:item_names.csv
item,White Flute,Flauto Bianco,pokeapi:item_names.csv
item,White Herb,Erbachiara,pokeapi:item_names.csv
item,White Mane Hair,Crini bianchi,pokeapi:item_names.csv
item,Wide Lens,Grandelente,pokeapi:item_names.csv
item,Wiglett Sand,Sabbia di Wiglett,pokeapi:item_names.csv
item,Wiki Berry,Baccakiwi,pokeapi:item_names.csv
item,Wing Ball,Wing Ball,pokeapi:item_names.csv
item,Wingull Feather,Penna di Wingull,pokeapi:item_names.csv
item,Winking Pika Pick,Stecchino pikapika,pokeapi:item_names.csv
item,Wise Glasses,Saviocchiali,pokeapi:item_names.csv
item,Wishing Chip,Desioframmento,pokeapi:item_names.csv
item,Wishing Piece,Desioblocco,pokeapi:item_names.csv
item,Wishing Star,Desiostella,pokeapi:item_names.csv
item,Wood Mail,Mess. Bosco,pokeapi:item_names.csv
item,Wooden Crown,Corona di legno,pokeapi:item_names.csv
item,Wooper Slime,Muco di Wooper,pokeapi:item_names.csv
item,Works Key,Turbinchiave,pokeapi:item_names.csv
item,X Accuracy,Precisione X,pokeapi:item_names.csv
item,X Accuracy 2,Precisione X-2,pokeapi:item_names.csv
item,X Accuracy 3,Precisione X-3,pokeapi:item_names.csv
item,X Accuracy 6,Precisione X-6,pokeapi:item_names.csv
item,X Attack,Attacco X,pokeapi:item_names.csv
item,X Attack 2,Attacco X-2,pokeapi:item_names.csv
item,X Attack 3,Attacco X-3,pokeapi:item_names.csv
item,X Attack 6,Attacco X-6,pokeapi:item_names.csv
item,X Defense,Difesa X,pokeapi:item_names.csv
item,X Defense 2,Difesa X-2,pokeapi:item_names.csv
item,X Defense 3,Difesa X-3,pokeapi:item_names.csv
item,X Defense 6,Difesa X-6,pokeapi:item_names.csv
item,X Sp. Atk,Att. Speciale X,pokeapi:item_names.csv
item,X Sp. Atk 2,Att. Sp. X-2,pokeapi:item_names.csv
item,X Sp. Atk 3,Att. Sp. X-3,pokeapi:item_names.csv
item,X Sp. Atk 6,Att. Sp. X-6,pokeapi:item_names.csv
item,X Sp. Def,Dif. Speciale X,pokeapi:item_names.csv
item,X Sp. Def 2,Dif. Spec. X-2,pokeapi:item_names.csv
item,X Sp. Def 3,Dif. Spec. X-3,pokeapi:item_names.csv
item,X Sp. Def 6,Dif. Spec. X-6,pokeapi:item_names.csv
item,X Speed,Velocità X,pokeapi:item_names.csv
item,X Speed 2,Velocità X-2,pokeapi:item_names.csv
item,X Speed 3,Velocità X-3,pokeapi:item_names.csv
item,X Speed 6,Velocità X-6,pokeapi:item_names.csv
item,Xtransceiver,Interpoké,pokeapi:item_names.csv
item,Yache Berry,Baccamoya,pokeapi:item_names.csv
item,Yanma Spike,Aculeo di Yanma,pokeapi:item_names.csv
item,Yarn Ball,Palla gomitolo,pokeapi:item_names.csv
item,Yellow Apricorn,Ghicocca Gialla,pokeapi:item_names.csv
item,Yellow Bell Pepper,Peperone giallo,pokeapi:item_names.csv
item,Yellow Bottle,Borraccia gialla,pokeapi:item_names.csv
item,Yellow Cup,Tazza gialla,pokeapi:item_names.csv
item,Yellow Dish,Piatto giallo,pokeapi:item_names.csv
item,Yellow Flute,Flauto Giallo,pokeapi:item_names.csv
item,Yellow Nectar,Nettare giallo,pokeapi:item_names.csv
item,Yellow Petal,Petalo giallo,pokeapi:item_names.csv
item,Yellow Scarf,Fascia Gialla,pokeapi:item_names.csv
item,Yellow Shard,Coccio Giallo,pokeapi:item_names.csv
item,Yellow Tablecloth,Tovaglia gialla,pokeapi:item_names.csv
item,Yogurt,Yogurt,pokeapi:item_names.csv
item,Yungoos Fur,Pelo di Yungoos,pokeapi:item_names.csv
item,Z-Power Ring,Supercerchio Z,pokeapi:item_names.csv
item,Z-Ring,Cerchio Z,pokeapi:item_names.csv
item,Zangoose Claw,Artiglio di Zangoose,pokeapi:item_names.csv
item,Zap Plate,Lastrasaetta,pokeapi:item_names.csv
item,Zapdos Candy,Caramella Zapdos,pokeapi:item_names.csv
item,Zinc,Zinco,pokeapi:item_names.csv
item,Zoom Lens,Zoomlente,pokeapi:item_names.csv
item,Zorua Fur,Pelo di Zorua,pokeapi:item_names.csv
item,Zubat Candy,Caramella Zubat,pokeapi:item_names.csv
item,Zygarde Cube,Teca Zygarde,pokeapi:item_names.csv
location,???,???,pokeapi:location_names.csv
location,Aether Paradise,Æther Paradise,pokeapi:location_names.csv
location,Akala Meadow,Prato Akala,pokeapi:location_names.csv
location,Akala Outskirts,Punta Akala,pokeapi:location_names.csv
location,Alola Berry Fields,Orto delle Bacche di Alola,pokeapi:location_names.csv
location,Altar of the Moone,Altare Lunare,pokeapi:location_names.csv
location,Altar of the Sunne,Altare Solare,pokeapi:location_names.csv
location,Ambrette Aquarium,Acquario,pokeapi:location_names.csv
location,Ambrette Gate,Varco Petroglifari,pokeapi:location_names.csv
location,Ambrette Town,Petroglifari,pokeapi:location_names.csv
location,Ancient Poni Path,Via Antica di Poni,pokeapi:location_names.csv
location,Ancient Tomb,Tomba Antica,pokeapi:location_names.csv
location,Anistar City,Fluxopoli,pokeapi:location_names.csv
location,Anistar Gate,Varco Fluxopoli,pokeapi:location_names.csv
location,Aquacorde Town,Rio Acquerello,pokeapi:location_names.csv
location,Avance Trail,Via Progresso,pokeapi:location_names.csv
location,Azure Bay,Baia Azzurra,pokeapi:location_names.csv
location,Battle Chateau,Castello Lotta,pokeapi:location_names.csv
location,Battle Maison,Villa Lotta,pokeapi:location_names.csv
location,Battle Resort,Resort Lotta,pokeapi:location_names.csv
location,Battle Royal Dome,Stadio Royale,pokeapi:location_names.csv
location,Battle Tree,Albero della Lotta,pokeapi:location_names.csv
location,Blazing Chamber,Sala delle Fiamme,pokeapi:location_names.csv
location,Blush Mountain,Monte Tepore,pokeapi:location_names.csv
location,Brooklet Hill,Collina Scrosciante,pokeapi:location_names.csv
location,Brun Way,Via Fogliebrune,pokeapi:location_names.csv
location,Camphrier Town,Castel Vanità,pokeapi:location_names.csv
location,Cave of Origin,Grotta dei Tempi,pokeapi:location_names.csv
location,Chamber of Emptiness,Stanza Vacua,pokeapi:location_names.csv
location,Connecting Cave,Grotta Trait d’Union,pokeapi:location_names.csv
location,Coumarine City,Temperopoli,pokeapi:location_names.csv
location,Coumarine Gate,Varco Temperopoli,pokeapi:location_names.csv
location,Couriway Gate,Varco Ponte Mosaico,pokeapi:location_names.csv
location,Couriway Town,Ponte Mosaico,pokeapi:location_names.csv
location,Crescent Isle,Isola Arcodiluna,pokeapi:location_names.csv
location,Cyllage City,Altoripoli,pokeapi:location_names.csv
location,Dendemille Gate,Varco Frescovilla,pokeapi:location_names.csv
location,Dendemille Town,Frescovilla,pokeapi:location_names.csv
location,Dernière Way,Via Ultima,pokeapi:location_names.csv
location,Desert Ruins,Rovine Sabbiose,pokeapi:location_names.csv
location,Dewford Town,Bluruvia,pokeapi:location_names.csv
location,Diglett’s Tunnel,Tunnel Diglett,pokeapi:location_names.csv
location,Dragonmark Chamber,Sala del Dragone,pokeapi:location_names.csv
location,Détourner Way,Via Detour,pokeapi:location_names.csv
location,Ever Grande City,Iridopoli,pokeapi:location_names.csv
location,Exeggutor Island,Isola Exeggutor,pokeapi:location_names.csv
location,Fabled Cave,Grotta Sfuggente,pokeapi:location_names.csv
location,Fallarbor Town,Brunifoglia,pokeapi:location_names.csv
location,Fiery Path,Cammino Ardente,pokeapi:location_names.csv
location,Flood Chamber,Sala delle Chiuse,pokeapi:location_names.csv
location,Fortree City,Forestopoli,pokeapi:location_names.csv
location,Fourrage Road,Via dei Pascoli,pokeapi:location_names.csv
location,Friend Safari,Safari Amici,pokeapi:location_names.csv
location,Frost Cavern,Caverna Gelata,pokeapi:location_names.csv
location,Geosenge Town,Cromleburgo,pokeapi:location_names.csv
location,Glittering Cave,Grotta dei Bagliori,pokeapi:location_names.csv
location,Gnarled Den,Fossa Informe,pokeapi:location_names.csv
location,Grande Vallée Way,Via Valle Larga,pokeapi:location_names.csv
location,Granite Cave,Grotta Pietrosa,pokeapi:location_names.csv
location,Haina Desert,Deserto Haina,pokeapi:location_names.csv
location,Hano Beach,Spiaggia Hanu Hanu,pokeapi:location_names.csv
location,Hano Grand Resort,Resort Hanu Hanu,pokeapi:location_names.csv
location,Hau’oli Cemetery,Cimitero di Hau’oli,pokeapi:location_names.csv
location,Hau’oli City,Hau’oli,pokeapi:location_names.csv
location,Heahea City,Kantai,pokeapi:location_names.csv
location,Hokulani Observatory,Osservatorio,pokeapi:location_names.csv
location,Iki Town,Lili,pokeapi:location_names.csv
location,Ironworks Chamber,Sala del Metallo,pokeapi:location_names.csv
location,Island Cave,Grotta Insulare,pokeapi:location_names.csv
location,Jagged Pass,Passo Selvaggio,pokeapi:location_names.csv
location,Kala’e Bay,Baia Kala’e,pokeapi:location_names.csv
location,Kalos Power Plant,Centrale di Kalos,pokeapi:location_names.csv
location,Kiloude City,Batikopoli,pokeapi:location_names.csv
location,Kiloude Station,Stazione Batikopoli,pokeapi:location_names.csv
location,Konikoni City,Konikoni,pokeapi:location_names.csv
location,Lake of the Moone,Lago Lunare,pokeapi:location_names.csv
location,Lake of the Sunne,Lago Solare,pokeapi:location_names.csv
location,Lavaridge Town,Cuordilava,pokeapi:location_names.csv
location,Laverre City,Romantopoli,pokeapi:location_names.csv
location,Laverre Gate,Varco Romantopoli,pokeapi:location_names.csv
location,Laverre Nature Trail,Sentiero Romantopoli,pokeapi:location_names.csv
location,Lilycove City,Porto Alghepoli,pokeapi:location_names.csv
location,Littleroot Town,Albanova,pokeapi:location_names.csv
location,Lost Hotel,Albergo Diroccato,pokeapi:location_names.csv
location,Lumiose Badlands,Landa di Luminopoli,pokeapi:location_names.csv
location,Lumiose City,Luminopoli,pokeapi:location_names.csv
location,Lumiose Gate,Varco Luminopoli,pokeapi:location_names.csv
location,Lumiose Station,Stazione Luminopoli,pokeapi:location_names.csv
location,Lush Jungle,Giungla Ombrosa,pokeapi:location_names.csv
location,Lysandre Labs,Laboratori Elisio,pokeapi:location_names.csv
location,Mahalo Trail,Sentiero Mahalo,pokeapi:location_names.csv
location,Malie City,Malie,pokeapi:location_names.csv
location,Malie Garden,Giardino di Malie,pokeapi:location_names.csv
location,Mamoswine Road,Passo Mamoswine,pokeapi:location_names.csv
location,Mauville City,Ciclamipoli,pokeapi:location_names.csv
location,Melemele Meadow,Prato Mele Mele,pokeapi:location_names.csv
location,Melemele Sea,Mare di Mele Mele,pokeapi:location_names.csv
location,Memorial Hill,Colle della Memoria,pokeapi:location_names.csv
location,Menhir Trail,Strada dei Menhir,pokeapi:location_names.csv
location,Meteor Falls,Cascate Meteora,pokeapi:location_names.csv
location,Mirage Cave,Grotta Miraggio,pokeapi:location_names.csv
location,Mirage Forest,Selva Miraggio,pokeapi:location_names.csv
location,Mirage Island,Isola Miraggio,pokeapi:location_names.csv
location,Mirage Mountain,Monte Miraggio,pokeapi:location_names.csv
location,Miroir Way,Via dei Riflessi,pokeapi:location_names.csv
location,Mossdeep City,Verdeazzupoli,pokeapi:location_names.csv
location,Mount Hokulani,Picco Hokulani,pokeapi:location_names.csv
location,Mount Lanakila,Monte Lanakila,pokeapi:location_names.csv
location,Mt. Chimney,Monte Camino,pokeapi:location_names.csv
location,Mt. Pyre,Monte Pira,pokeapi:location_names.csv
location,Muraille Coast,Muraglia Costiera,pokeapi:location_names.csv
location,Mélancolie Path,Via Malinconia,pokeapi:location_names.csv
location,Nameless Cavern,Caverna Ignota,pokeapi:location_names.csv
location,New Mauville,Ciclanova,pokeapi:location_names.csv
location,Oldale Town,Solarosa,pokeapi:location_names.csv
location,Ouvert Way,Via Aperta,pokeapi:location_names.csv
location,Pacifidlog Town,Orocea,pokeapi:location_names.csv
location,Palais Lane,Boulevard Palazzo,pokeapi:location_names.csv
location,Paniola Ranch,Fattoria Ohana,pokeapi:location_names.csv
location,Paniola Town,Ohana,pokeapi:location_names.csv
location,Parfum Palace,Reggia Aurea,pokeapi:location_names.csv
location,Parterre Way,Viale Parterre,pokeapi:location_names.csv
location,Pathless Plain,Piana Senza Nome,pokeapi:location_names.csv
location,Petalburg City,Petalipoli,pokeapi:location_names.csv
location,Petalburg Woods,Bosco Petalo,pokeapi:location_names.csv
location,Po Town,Poh,pokeapi:location_names.csv
location,Poké Ball Factory,Fabbrica Poké Ball,pokeapi:location_names.csv
location,Pokémon League,Lega Pokémon,pokeapi:location_names.csv
location,Pokémon League Gate,Varco Lega Pokémon,pokeapi:location_names.csv
location,Pokémon Village,Valle dei Pokémon,pokeapi:location_names.csv
location,Poni Breaker Coast,Scogliera di Poni,pokeapi:location_names.csv
location,Poni Coast,Costa di Poni,pokeapi:location_names.csv
location,Poni Gauntlet,Erta di Poni,pokeapi:location_names.csv
location,Poni Grove,Foresta di Poni,pokeapi:location_names.csv
location,Poni Meadow,Prato Poni,pokeapi:location_names.csv
location,Poni Plains,Prateria di Poni,pokeapi:location_names.csv
location,Poni Wilds,Piana di Poni,pokeapi:location_names.csv
location,Prism Tower,Torre Prisma,pokeapi:location_names.csv
location,Radiant Chamber,Sala della Luce,pokeapi:location_names.csv
location,Reflection Cave,Grotta dei Riflessi,pokeapi:location_names.csv
location,Resolution Cave,Caverna Climax,pokeapi:location_names.csv
location,Rivière Walk,Via Fiume,pokeapi:location_names.csv
location,Route 1,Percorso 1,pokeapi:location_names.csv
location,Route 10,Percorso 10,pokeapi:location_names.csv
location,Route 101,Percorso 101,pokeapi:location_names.csv
location,Route 102,Percorso 102,pokeapi:location_names.csv
location,Route 103,Percorso 103,pokeapi:location_names.csv
location,Route 104,Percorso 104,pokeapi:location_names.csv
location,Route 105,Percorso 105,pokeapi:location_names.csv
location,Route 106,Percorso 106,pokeapi:location_names.csv
location,Route 107,Percorso 107,pokeapi:location_names.csv
location,Route 108,Percorso 108,pokeapi:location_names.csv
location,Route 109,Percorso 109,pokeapi:location_names.csv
location,Route 11,Percorso 11,pokeapi:location_names.csv
location,Route 110,Percorso 110,pokeapi:location_names.csv
location,Route 111,Percorso 111,pokeapi:location_names.csv
location,Route 112,Percorso 112,pokeapi:location_names.csv
location,Route 113,Percorso 113,pokeapi:location_names.csv
location,Route 114,Percorso 114,pokeapi:location_names.csv
location,Route 115,Percorso 115,pokeapi:location_names.csv
location,Route 116,Percorso 116,pokeapi:location_names.csv
location,Route 117,Percorso 117,pokeapi:location_names.csv
location,Route 118,Percorso 118,pokeapi:location_names.csv
location,Route 119,Percorso 119,pokeapi:location_names.csv
location,Route 12,Percorso 12,pokeapi:location_names.csv
location,Route 120,Percorso 120,pokeapi:location_names.csv
location,Route 121,Percorso 121,pokeapi:location_names.csv
location,Route 122,Percorso 122,pokeapi:location_names.csv
location,Route 123,Percorso 123,pokeapi:location_names.csv
location,Route 124,Percorso 124,pokeapi:location_names.csv
location,Route 125,Percorso 125,pokeapi:location_names.csv
location,Route 126,Percorso 126,pokeapi:location_names.csv
location,Route 127,Percorso 127,pokeapi:location_names.csv
location,Route 128,Percorso 128,pokeapi:location_names.csv
location,Route 129,Percorso 129,pokeapi:location_names.csv
location,Route 13,Percorso 13,pokeapi:location_names.csv
location,Route 130,Percorso 130,pokeapi:location_names.csv
location,Route 131,Percorso 131,pokeapi:location_names.csv
location,Route 132,Percorso 132,pokeapi:location_names.csv
location,Route 133,Percorso 133,pokeapi:location_names.csv
location,Route 134,Percorso 134,pokeapi:location_names.csv
location,Route 14,Percorso 14,pokeapi:location_names.csv
location,Route 15,Percorso 15,pokeapi:location_names.csv
location,Route 16,Percorso 16,pokeapi:location_names.csv
location,Route 17,Percorso 17,pokeapi:location_names.csv
location,Route 18,Percorso 18,pokeapi:location_names.csv
location,Route 19,Percorso 19,pokeapi:location_names.csv
location,Route 2,Percorso 2,pokeapi:location_names.csv
location,Route 20,Percorso 20,pokeapi:location_names.csv
location,Route 21,Percorso 21,pokeapi:location_names.csv
location,Route 22,Percorso 22,pokeapi:location_names.csv
location,Route 3,Percorso 3,pokeapi:location_names.csv
location,Route 4,Percorso 4,pokeapi:location_names.csv
location,Route 5,Percorso 5,pokeapi:location_names.csv
location,Route 6,Percorso 6,pokeapi:location_names.csv
location,Route 7,Percorso 7,pokeapi:location_names.csv
location,Route 8,Percorso 8,pokeapi:location_names.csv
location,Route 9,Percorso 9,pokeapi:location_names.csv
location,Royal Avenue,Viale Royale,pokeapi:location_names.csv
location,Ruins of Abundance,Tempio del Raccolto,pokeapi:location_names.csv
location,Ruins of Conflict,Tempio del Conflitto,pokeapi:location_names.csv
location,Ruins of Hope,Tempio del Passaggio,pokeapi:location_names.csv
location,Ruins of Life,Tempio della Vita,pokeapi:location_names.csv
location,Rustboro City,Ferrugipoli,pokeapi:location_names.csv
location,Rusturf Tunnel,Tunnel Menferro,pokeapi:location_names.csv
location,S.S. Tidal,Motonave Marea,pokeapi:location_names.csv
location,Safari Zone,Zona Safari,pokeapi:location_names.csv
location,Santalune City,Novartopoli,pokeapi:location_names.csv
location,Santalune Forest,Bosco Novartopoli,pokeapi:location_names.csv
location,Scorched Slab,Grottino Solare,pokeapi:location_names.csv
location,Sea Mauville,Ciclamare,pokeapi:location_names.csv
location,Sea Spirit’s Den,Antro Talassico,pokeapi:location_names.csv
location,Seafloor Cavern,Antro Abissale,pokeapi:location_names.csv
location,Seafolk Village,Villaggio del Mare,pokeapi:location_names.csv
location,Sealed Chamber,Sala Incisa,pokeapi:location_names.csv
location,Seaward Cave,Grotta Pratomare,pokeapi:location_names.csv
location,Secluded Shore,Lido di Ula Ula,pokeapi:location_names.csv
location,Secret Base,Base Segreta,pokeapi:location_names.csv
location,Secret Islet,Isolotto Segreto,pokeapi:location_names.csv
location,Secret Meadow,Valle Segreta,pokeapi:location_names.csv
location,Secret Shore,Baia Segreta,pokeapi:location_names.csv
location,Shabboneau Castle,Maniero Sottotono,pokeapi:location_names.csv
location,Shady House,Villa Losca,pokeapi:location_names.csv
location,Shalour City,Yantaropoli,pokeapi:location_names.csv
location,Shalour Gate,Varco Yantaropoli,pokeapi:location_names.csv
location,Shoal Cave,Grotta Ondosa,pokeapi:location_names.csv
location,Sky Pillar,Torre dei Cieli,pokeapi:location_names.csv
location,Slateport City,Porto Selcepoli,pokeapi:location_names.csv
location,Snowbelle City,Fractalopoli,pokeapi:location_names.csv
location,Snowbelle Gate,Varco Fractalopoli,pokeapi:location_names.csv
location,Soaring in the sky,Ipersfera,pokeapi:location_names.csv
location,Sootopolis City,Ceneride,pokeapi:location_names.csv
location,Southern Island,Isola Remota,pokeapi:location_names.csv
location,Spikes Passage,Sentiero Punzoni,pokeapi:location_names.csv
location,Tapu Village,Villaggio Tapu,pokeapi:location_names.csv
location,Team Aqua Hideout,Rifugio Idro,pokeapi:location_names.csv
location,Team Flare Secret HQ,Covo del Team Flare,pokeapi:location_names.csv
location,Team Magma Hideout,Rifugio Magma,pokeapi:location_names.csv
location,Ten Carat Hill,Collina Diecicarati,pokeapi:location_names.csv
location,Terminus Cave,Grotta Climax,pokeapi:location_names.csv
location,Thrifty Megamart,Supermarket Affaroni,pokeapi:location_names.csv
location,Tower of Mastery,Torre Maestra,pokeapi:location_names.csv
location,Trackless Forest,Foresta Vergine,pokeapi:location_names.csv
location,Ula’ula Meadow,Prato Ula Ula,pokeapi:location_names.csv
location,Ultra Space,Ultramondo,pokeapi:location_names.csv
location,Unknown Dungeon,Grotta Ignota,pokeapi:location_names.csv
location,Vallée Étroite Way,Via Valle Stretta,pokeapi:location_names.csv
location,Vaniville Pathway,Vicolo Bozzetto,pokeapi:location_names.csv
location,Vaniville Town,Borgo Bozzetto,pokeapi:location_names.csv
location,Vast Poni Canyon,Canyon di Poni,pokeapi:location_names.csv
location,Verdant Cavern,Grotta Sottobosco,pokeapi:location_names.csv
location,Verdanturf Town,Mentania,pokeapi:location_names.csv
location,Versant Road,Via Versante,pokeapi:location_names.csv
location,Victory Road,Via Vittoria,pokeapi:location_names.csv
location,Wela Volcano Park,Parco Vulcano Wela,pokeapi:location_names.csv
location,Winding Woods,Bosco Passoperso,pokeapi:location_names.csv
location,Zubat Roost,Tana degli Zubat,pokeapi:location_names.csv
move,"10,000,000 Volt Thunderbolt",Iperfulmine,pokeapi:move_names.csv
move,Absorb,Assorbimento,pokeapi:move_names.csv
move,Accelerock,Rocciarapida,pokeapi:move_names.csv
move,Acid,Acido,pokeapi:move_names.csv
move,Acid Armor,Scudo Acido,pokeapi:move_names.csv
move,Acid Downpour,Acidiluvio Corrosivo,pokeapi:move_names.csv
move,Acid Spray,Acidobomba,pokeapi:move_names.csv
move,Acrobatics,Acrobazia,pokeapi:move_names.csv
move,Acupressure,Acupressione,pokeapi:move_names.csv
move,Aerial Ace,Aeroassalto,pokeapi:move_names.csv
move,Aeroblast,Aerocolpo,pokeapi:move_names.csv
move,After You,Cortesia,pokeapi:move_names.csv
move,Agility,Agilità,pokeapi:move_names.csv
move,Air Cutter,Aerasoio,pokeapi:move_names.csv
move,Air Slash,Eterelama,pokeapi:move_names.csv
move,All-Out Pummeling,Iperscarica Furiosa,pokeapi:move_names.csv
move,Alluring Voice,Ammaliavoce,pokeapi:move_names.csv
move,Ally Switch,Cambiaposto,pokeapi:move_names.csv
move,Amnesia,Amnesia,pokeapi:move_names.csv
move,Anchor Shot,Colpo d’Ancora,pokeapi:move_names.csv
move,Ancient Power,Forzantica,pokeapi:move_names.csv
move,Apple Acid,Acido Malico,pokeapi:move_names.csv
move,Aqua Cutter,Idrotaglio,pokeapi:move_names.csv
move,Aqua Jet,Acquagetto,pokeapi:move_names.csv
move,Aqua Ring,Acquanello,pokeapi:move_names.csv
move,Aqua Step,Idroballetto,pokeapi:move_names.csv
move,Aqua Tail,Idrondata,pokeapi:move_names.csv
move,Arm Thrust,Sberletese,pokeapi:move_names.csv
move,Armor Cannon,Corazza Cannone,pokeapi:move_names.csv
move,Aromatherapy,Aromaterapia,pokeapi:move_names.csv
move,Aromatic Mist,Nebularoma,pokeapi:move_names.csv
move,Assist,Assistente,pokeapi:move_names.csv
move,Assurance,Garanzia,pokeapi:move_names.csv
move,Astonish,Sgomento,pokeapi:move_names.csv
move,Astral Barrage,Schegge Astrali,pokeapi:move_names.csv
move,Attack Order,Comandourto,pokeapi:move_names.csv
move,Attract,Attrazione,pokeapi:move_names.csv
move,Aura Sphere,Forzasfera,pokeapi:move_names.csv
move,Aura Wheel,Ruota d’Aura,pokeapi:move_names.csv
move,Aurora Beam,Raggiaurora,pokeapi:move_names.csv
move,Aurora Veil,Velaurora,pokeapi:move_names.csv
move,Autotomize,Sganciapesi,pokeapi:move_names.csv
move,Avalanche,Slavina,pokeapi:move_names.csv
move,Axe Kick,Calcio ad Ascia,pokeapi:move_names.csv
move,Baby-Doll Eyes,Occhioni Teneri,pokeapi:move_names.csv
move,Baddy Bad,Zona Buiabuia,pokeapi:move_names.csv
move,Baneful Bunker,Fortino,pokeapi:move_names.csv
move,Barb Barrage,Mille Fielespine,pokeapi:move_names.csv
move,Barrage,Attacco Pioggia,pokeapi:move_names.csv
move,Barrier,Barriera,pokeapi:move_names.csv
move,Baton Pass,Staffetta,pokeapi:move_names.csv
move,Beak Blast,Cannonbecco,pokeapi:move_names.csv
move,Beat Up,Picchiaduro,pokeapi:move_names.csv
move,Behemoth Bash,Colpo Maestoso,pokeapi:move_names.csv
move,Behemoth Blade,Taglio Maestoso,pokeapi:move_names.csv
move,Belch,Rutto,pokeapi:move_names.csv
move,Belly Drum,Panciamburo,pokeapi:move_names.csv
move,Bestow,Cediregalo,pokeapi:move_names.csv
move,Bide,Pazienza,pokeapi:move_names.csv
move,Bind,Legatutto,pokeapi:move_names.csv
move,Bite,Morso,pokeapi:move_names.csv
move,Bitter Blade,Lama del Rimorso,pokeapi:move_names.csv
move,Bitter Malice,Livore,pokeapi:move_names.csv
move,Black Hole Eclipse,Buco Nero del Non Ritorno,pokeapi:move_names.csv
move,Blast Burn,Incendio,pokeapi:move_names.csv
move,Blaze Kick,Calciardente,pokeapi:move_names.csv
move,Blazing Torque,Turboustione,pokeapi:move_names.csv
move,Bleakwind Storm,Tempesta Boreale,pokeapi:move_names.csv
move,Blizzard,Bora,pokeapi:move_names.csv
move,Block,Blocco,pokeapi:move_names.csv
move,Blood Moon,Luna Rossa,pokeapi:move_names.csv
move,Bloom Doom,Floriscoppio Sfolgorante,pokeapi:move_names.csv
move,Blue Flare,Fuocoblu,pokeapi:move_names.csv
move,Body Press,Schiacciacorpo,pokeapi:move_names.csv
move,Body Slam,Corposcontro,pokeapi:move_names.csv
move,Bolt Beak,Beccoshock,pokeapi:move_names.csv
move,Bolt Strike,Lucesiluro,pokeapi:move_names.csv
move,Bone Club,Ossoclava,pokeapi:move_names.csv
move,Bone Rush,Ossoraffica,pokeapi:move_names.csv
move,Bonemerang,Ossomerang,pokeapi:move_names.csv
move,Boomburst,Ondaboato,pokeapi:move_names.csv
move,Bounce,Rimbalzo,pokeapi:move_names.csv
move,Bouncy Bubble,Bollaslurp,pokeapi:move_names.csv
move,Branch Poke,Ramostoccata,pokeapi:move_names.csv
move,Brave Bird,Baldeali,pokeapi:move_names.csv
move,Breaking Swipe,Vastoimpatto,pokeapi:move_names.csv
move,Breakneck Blitz,Carica Travolgente,pokeapi:move_names.csv
move,Brick Break,Breccia,pokeapi:move_names.csv
move,Brine,Acquadisale,pokeapi:move_names.csv
move,Brutal Swing,Vorticolpo,pokeapi:move_names.csv
move,Bubble,Bolla,pokeapi:move_names.csv
move,Bubble Beam,Bollaraggio,pokeapi:move_names.csv
move,Bug Bite,Coleomorso,pokeapi:move_names.csv
move,Bug Buzz,Ronzio,pokeapi:move_names.csv
move,Bulk Up,Granfisico,pokeapi:move_names.csv
move,Bulldoze,Battiterra,pokeapi:move_names.csv
move,Bullet Punch,Pugnoscarica,pokeapi:move_names.csv
move,Bullet Seed,Semitraglia,pokeapi:move_names.csv
move,Burn Up,Ultima Fiamma,pokeapi:move_names.csv
move,Burning Bulwark,Egida Ignea,pokeapi:move_names.csv
move,Burning Jealousy,Fiamminvidia,pokeapi:move_names.csv
move,Buzzy Buzz,Elettrozap,pokeapi:move_names.csv
move,Calm Mind,Calmamente,pokeapi:move_names.csv
move,Camouflage,Camuffamento,pokeapi:move_names.csv
move,Captivate,Incanto,pokeapi:move_names.csv
move,Catastropika,Super Pikaboom,pokeapi:move_names.csv
move,Ceaseless Edge,Lama Milleflutti,pokeapi:move_names.csv
move,Celebrate,Auguri,pokeapi:move_names.csv
move,Charge,Sottocarica,pokeapi:move_names.csv
move,Charge Beam,Raggioscossa,pokeapi:move_names.csv
move,Charm,Fascino,pokeapi:move_names.csv
move,Chatter,Schiamazzo,pokeapi:move_names.csv
move,Chilling Water,Doccia Fredda,pokeapi:move_names.csv
move,Chilly Reception,Freddura,pokeapi:move_names.csv
move,Chip Away,Insidia,pokeapi:move_names.csv
move,Chloroblast,Clorofillaser,pokeapi:move_names.csv
move,Circle Throw,Ribaltiro,pokeapi:move_names.csv
move,Clamp,Tenaglia,pokeapi:move_names.csv
move,Clanging Scales,Clamorsquame,pokeapi:move_names.csv
move,Clangorous Soul,Dracofonia,pokeapi:move_names.csv
move,Clangorous Soulblaze,Dracofonia Divampante,pokeapi:move_names.csv
move,Clear Smog,Pulifumo,pokeapi:move_names.csv
move,Close Combat,Zuffa,pokeapi:move_names.csv
move,Coaching,Coaching,pokeapi:move_names.csv
move,Coil,Arrotola,pokeapi:move_names.csv
move,Collision Course,Turboschianto,pokeapi:move_names.csv
move,Combat Torque,Turborissa,pokeapi:move_names.csv
move,Comet Punch,Cometapugno,pokeapi:move_names.csv
move,Comeuppance,Ritorsione,pokeapi:move_names.csv
move,Confide,Confidenza,pokeapi:move_names.csv
move,Confuse Ray,Stordiraggio,pokeapi:move_names.csv
move,Confusion,Confusione,pokeapi:move_names.csv
move,Constrict,Limitazione,pokeapi:move_names.csv
move,Continental Crush,Gigamacigno Polverizzante,pokeapi:move_names.csv
move,Conversion,Conversione,pokeapi:move_names.csv
move,Conversion 2,Conversione2,pokeapi:move_names.csv
move,Copycat,Copione,pokeapi:move_names.csv
move,Core Enforcer,Nucleocastigo,pokeapi:move_names.csv
move,Corkscrew Crash,Spirale Perforante,pokeapi:move_names.csv
move,Corrosive Gas,Gas Corrosivo,pokeapi:move_names.csv
move,Cosmic Power,Cosmoforza,pokeapi:move_names.csv
move,Cotton Guard,Cotonscudo,pokeapi:move_names.csv
move,Cotton Spore,Cottonspora,pokeapi:move_names.csv
move,Counter,Contrattacco,pokeapi:move_names.csv
move,Court Change,Cambiocampo,pokeapi:move_names.csv
move,Covet,Supplica,pokeapi:move_names.csv
move,Crabhammer,Martellata,pokeapi:move_names.csv
move,Crafty Shield,Truccodifesa,pokeapi:move_names.csv
move,Cross Chop,Incrocolpo,pokeapi:move_names.csv
move,Cross Poison,Velenocroce,pokeapi:move_names.csv
move,Crunch,Sgranocchio,pokeapi:move_names.csv
move,Crush Claw,Tritartigli,pokeapi:move_names.csv
move,Crush Grip,Sbriciolmano,pokeapi:move_names.csv
move,Curse,Maledizione,pokeapi:move_names.csv
move,Cut,Taglio,pokeapi:move_names.csv
move,Dark Pulse,Neropulsar,pokeapi:move_names.csv
move,Dark Void,Vuototetro,pokeapi:move_names.csv
move,Darkest Lariat,Braccioteso,pokeapi:move_names.csv
move,Dazzling Gleam,Magibrillio,pokeapi:move_names.csv
move,Decorate,Decorazione,pokeapi:move_names.csv
move,Defend Order,Comandoscudo,pokeapi:move_names.csv
move,Defense Curl,Ricciolscudo,pokeapi:move_names.csv
move,Defog,Scacciabruma,pokeapi:move_names.csv
move,Destiny Bond,Destinobbligato,pokeapi:move_names.csv
move,Detect,Individua,pokeapi:move_names.csv
move,Devastating Drake,Dragoschianto Finale,pokeapi:move_names.csv
move,Diamond Storm,Diamantempesta,pokeapi:move_names.csv
move,Dig,Fossa,pokeapi:move_names.csv
move,Dire Claw,Artigli Fatali,pokeapi:move_names.csv
move,Disable,Inibitore,pokeapi:move_names.csv
move,Disarming Voice,Incantavoce,pokeapi:move_names.csv
move,Discharge,Scarica,pokeapi:move_names.csv
move,Dive,Sub,pokeapi:move_names.csv
move,Dizzy Punch,Stordipugno,pokeapi:move_names.csv
move,Doodle,Ricalco,pokeapi:move_names.csv
move,Doom Desire,Obbliderio,pokeapi:move_names.csv
move,Double Hit,Doppiosmash,pokeapi:move_names.csv
move,Double Iron Bash,Pugni Corazzati,pokeapi:move_names.csv
move,Double Kick,Doppiocalcio,pokeapi:move_names.csv
move,Double Shock,Doppiolampo,pokeapi:move_names.csv
move,Double Slap,Doppiasberla,pokeapi:move_names.csv
move,Double Team,Doppioteam,pokeapi:move_names.csv
move,Double-Edge,Sdoppiatore,pokeapi:move_names.csv
move,Draco Meteor,Dragobolide,pokeapi:move_names.csv
move,Dragon Ascent,Ascesa del Drago,pokeapi:move_names.csv
move,Dragon Breath,Dragospiro,pokeapi:move_names.csv
move,Dragon Cheer,Grido del Drago,pokeapi:move_names.csv
move,Dragon Claw,Dragartigli,pokeapi:move_names.csv
move,Dragon Dance,Dragodanza,pokeapi:move_names.csv
move,Dragon Darts,Dragofrecce,pokeapi:move_names.csv
move,Dragon Energy,Dragoenergia,pokeapi:move_names.csv
move,Dragon Hammer,Marteldrago,pokeapi:move_names.csv
move,Dragon Pulse,Dragopulsar,pokeapi:move_names.csv
move,Dragon Rage,Ira di Drago,pokeapi:move_names.csv
move,Dragon Rush,Dragofuria,pokeapi:move_names.csv
move,Dragon Tail,Codadrago,pokeapi:move_names.csv
move,Drain Punch,Assorbipugno,pokeapi:move_names.csv
move,Draining Kiss,Assorbibacio,pokeapi:move_names.csv
move,Dream Eater,Mangiasogni,pokeapi:move_names.csv
move,Drill Peck,Perforbecco,pokeapi:move_names.csv
move,Drill Run,Giravvita,pokeapi:move_names.csv
move,Drum Beating,Tamburattacco,pokeapi:move_names.csv
move,Dual Chop,Doppiocolpo,pokeapi:move_names.csv
move,Dual Wingbeat,Doppia Ala,pokeapi:move_names.csv
move,Dynamax Cannon,Cannone Dynamax,pokeapi:move_names.csv
move,Dynamic Punch,Dinamipugno,pokeapi:move_names.csv
move,Earth Power,Geoforza,pokeapi:move_names.csv
move,Earthquake,Terremoto,pokeapi:move_names.csv
move,Echoed Voice,Echeggiavoce,pokeapi:move_names.csv
move,Eerie Impulse,Elettromistero,pokeapi:move_names.csv
move,Eerie Spell,Inquietantesimo,pokeapi:move_names.csv
move,Egg Bomb,Uovobomba,pokeapi:move_names.csv
move,Electric Terrain,Campo Elettrico,pokeapi:move_names.csv
move,Electrify,Elettrocontagio,pokeapi:move_names.csv
move,Electro Ball,Energisfera,pokeapi:move_names.csv
move,Electro Drift,Fulmiscatto,pokeapi:move_names.csv
move,Electro Shot,Elettroraggio,pokeapi:move_names.csv
move,Electroweb,Elettrotela,pokeapi:move_names.csv
move,Embargo,Divieto,pokeapi:move_names.csv
move,Ember,Braciere,pokeapi:move_names.csv
move,Encore,Ripeti,pokeapi:move_names.csv
move,Endeavor,Rimonta,pokeapi:move_names.csv
move,Endure,Resistenza,pokeapi:move_names.csv
move,Energy Ball,Energipalla,pokeapi:move_names.csv
move,Entrainment,Saltamicizia,pokeapi:move_names.csv
move,Eruption,Eruzione,pokeapi:move_names.csv
move,Esper Wing,Ali d’Aura,pokeapi:move_names.csv
move,Eternabeam,Raggio Infinito,pokeapi:move_names.csv
move,Expanding Force,Vastenergia,pokeapi:move_names.csv
move,Explosion,Esplosione,pokeapi:move_names.csv
move,Extrasensory,Extrasenso,pokeapi:move_names.csv
move,Extreme Evoboost,Potenziamento Eevolutivo,pokeapi:move_names.csv
move,Extreme Speed,Extrarapido,pokeapi:move_names.csv
move,Facade,Facciata,pokeapi:move_names.csv
move,Fairy Lock,Blocco Fatato,pokeapi:move_names.csv
move,Fairy Wind,Vento di Fata,pokeapi:move_names.csv
move,Fake Out,Bruciapelo,pokeapi:move_names.csv
move,Fake Tears,Falselacrime,pokeapi:move_names.csv
move,False Surrender,Supplicolpo,pokeapi:move_names.csv
move,False Swipe,Falsofinale,pokeapi:move_names.csv
move,Feather Dance,Danzadipiume,pokeapi:move_names.csv
move,Feint,Fintoattacco,pokeapi:move_names.csv
move,Feint Attack,Finta,pokeapi:move_names.csv
move,Fell Stinger,Pungiglione,pokeapi:move_names.csv
move,Fickle Beam,Irregolaser,pokeapi:move_names.csv
move,Fiery Dance,Voldifuoco,pokeapi:move_names.csv
move,Fiery Wrath,Furia Ardente,pokeapi:move_names.csv
move,Fillet Away,Alleggerimento,pokeapi:move_names.csv
move,Final Gambit,Azzardo,pokeapi:move_names.csv
move,Fire Blast,Fuocobomba,pokeapi:move_names.csv
move,Fire Fang,Rogodenti,pokeapi:move_names.csv
move,Fire Lash,Frusta di Fuoco,pokeapi:move_names.csv
move,Fire Pledge,Fiammapatto,pokeapi:move_names.csv
move,Fire Punch,Fuocopugno,pokeapi:move_names.csv
move,Fire Spin,Turbofuoco,pokeapi:move_names.csv
move,First Impression,Schermaglia,pokeapi:move_names.csv
move,Fishious Rend,Branchiomorso,pokeapi:move_names.csv
move,Fissure,Abisso,pokeapi:move_names.csv
move,Flail,Flagello,pokeapi:move_names.csv
move,Flame Burst,Pirolancio,pokeapi:move_names.csv
move,Flame Charge,Nitrocarica,pokeapi:move_names.csv
move,Flame Wheel,Ruotafuoco,pokeapi:move_names.csv
move,Flamethrower,Lanciafiamme,pokeapi:move_names.csv
move,Flare Blitz,Fuococarica,pokeapi:move_names.csv
move,Flash,Flash,pokeapi:move_names.csv
move,Flash Cannon,Cannonflash,pokeapi:move_names.csv
move,Flatter,Adulazione,pokeapi:move_names.csv
move,Fleur Cannon,Cannonfiore,pokeapi:move_names.csv
move,Fling,Lancio,pokeapi:move_names.csv
move,Flip Turn,Virata,pokeapi:move_names.csv
move,Floaty Fall,Piombaflap,pokeapi:move_names.csv
move,Floral Healing,Cura Floreale,pokeapi:move_names.csv
move,Flower Shield,Fiordifesa,pokeapi:move_names.csv
move,Flower Trick,Prestigiafiore,pokeapi:move_names.csv
move,Fly,Volo,pokeapi:move_names.csv
move,Flying Press,Schiacciatuffo,pokeapi:move_names.csv
move,Focus Blast,Focalcolpo,pokeapi:move_names.csv
move,Focus Energy,Focalenergia,pokeapi:move_names.csv
move,Focus Punch,Centripugno,pokeapi:move_names.csv
move,Follow Me,Sonoqui,pokeapi:move_names.csv
move,Force Palm,Palmoforza,pokeapi:move_names.csv
move,Foresight,Preveggenza,pokeapi:move_names.csv
move,Forest’s Curse,Boscomalocchio,pokeapi:move_names.csv
move,Foul Play,Ripicca,pokeapi:move_names.csv
move,Freeze Shock,Elettrogelo,pokeapi:move_names.csv
move,Freeze-Dry,Liofilizzazione,pokeapi:move_names.csv
move,Freezing Glare,Sguardo Gelido,pokeapi:move_names.csv
move,Freezy Frost,Scricchiagelo,pokeapi:move_names.csv
move,Frenzy Plant,Radicalbero,pokeapi:move_names.csv
move,Frost Breath,Alitogelido,pokeapi:move_names.csv
move,Frustration,Frustrazione,pokeapi:move_names.csv
move,Fury Attack,Furia,pokeapi:move_names.csv
move,Fury Cutter,Tagliofuria,pokeapi:move_names.csv
move,Fury Swipes,Sfuriate,pokeapi:move_names.csv
move,Fusion Bolt,Incrotuono,pokeapi:move_names.csv
move,Fusion Flare,Incrofiamma,pokeapi:move_names.csv
move,Future Sight,Divinazione,pokeapi:move_names.csv
move,Gastro Acid,Gastroacido,pokeapi:move_names.csv
move,Gear Grind,Ingracolpo,pokeapi:move_names.csv
move,Gear Up,Marciainpiù,pokeapi:move_names.csv
move,Genesis Supernova,Supernova delle Origini,pokeapi:move_names.csv
move,Geomancy,Geocontrollo,pokeapi:move_names.csv
move,Giga Drain,Gigassorbimento,pokeapi:move_names.csv
move,Giga Impact,Gigaimpatto,pokeapi:move_names.csv
move,Gigaton Hammer,Granmartello,pokeapi:move_names.csv
move,Gigavolt Havoc,Gigascarica Folgorante,pokeapi:move_names.csv
move,Glacial Lance,Lancia Glaciale,pokeapi:move_names.csv
move,Glaciate,Gelamondo,pokeapi:move_names.csv
move,Glaive Rush,Spadoncarica,pokeapi:move_names.csv
move,Glare,Sguardo Feroce,pokeapi:move_names.csv
move,Glitzy Glow,Auraswoosh,pokeapi:move_names.csv
move,Grass Knot,Laccioerboso,pokeapi:move_names.csv
move,Grass Pledge,Erbapatto,pokeapi:move_names.csv
move,Grass Whistle,Meloderba,pokeapi:move_names.csv
move,Grassy Glide,Erboscivolata,pokeapi:move_names.csv
move,Grassy Terrain,Campo Erboso,pokeapi:move_names.csv
move,Grav Apple,Forza G,pokeapi:move_names.csv
move,Gravity,Gravità,pokeapi:move_names.csv
move,Growl,Ruggito,pokeapi:move_names.csv
move,Growth,Crescita,pokeapi:move_names.csv
move,Grudge,Rancore,pokeapi:move_names.csv
move,Guard Split,Paridifesa,pokeapi:move_names.csv
move,Guard Swap,Barattoscudo,pokeapi:move_names.csv
move,Guardian of Alola,Collera del Guardiano,pokeapi:move_names.csv
move,Guillotine,Ghigliottina,pokeapi:move_names.csv
move,Gunk Shot,Sporcolancio,pokeapi:move_names.csv
move,Gust,Raffica,pokeapi:move_names.csv
move,Gyro Ball,Vortexpalla,pokeapi:move_names.csv
move,Hail,Grandine,pokeapi:move_names.csv
move,Hammer Arm,Martelpugno,pokeapi:move_names.csv
move,Happy Hour,Cuccagna,pokeapi:move_names.csv
move,Hard Press,Pressa d’Acciaio,pokeapi:move_names.csv
move,Harden,Rafforzatore,pokeapi:move_names.csv
move,Haze,Nube,pokeapi:move_names.csv
move,Head Charge,Ricciolata,pokeapi:move_names.csv
move,Head Smash,Zuccata,pokeapi:move_names.csv
move,Headbutt,Bottintesta,pokeapi:move_names.csv
move,Headlong Rush,Scontro Frontale,pokeapi:move_names.csv
move,Heal Bell,Rintoccasana,pokeapi:move_names.csv
move,Heal Block,Anticura,pokeapi:move_names.csv
move,Heal Order,Comandocura,pokeapi:move_names.csv
move,Heal Pulse,Ondasana,pokeapi:move_names.csv
move,Healing Wish,Curardore,pokeapi:move_names.csv
move,Heart Stamp,Cuorestampo,pokeapi:move_names.csv
move,Heart Swap,Cuorbaratto,pokeapi:move_names.csv
move,Heat Crash,Marchiafuoco,pokeapi:move_names.csv
move,Heat Wave,Ondacalda,pokeapi:move_names.csv
move,Heavy Slam,Pesobomba,pokeapi:move_names.csv
move,Helping Hand,Altruismo,pokeapi:move_names.csv
move,Hex,Sciagura,pokeapi:move_names.csv
move,Hidden Power,Introforza,pokeapi:move_names.csv
move,High Horsepower,Forza Equina,pokeapi:move_names.csv
move,High Jump Kick,Calcinvolo,pokeapi:move_names.csv
move,Hold Back,Riguardo,pokeapi:move_names.csv
move,Hold Hands,Mano nella Mano,pokeapi:move_names.csv
move,Hone Claws,Unghiaguzze,pokeapi:move_names.csv
move,Horn Attack,Incornata,pokeapi:move_names.csv
move,Horn Drill,Perforcorno,pokeapi:move_names.csv
move,Horn Leech,Legnicorno,pokeapi:move_names.csv
move,Howl,Gridodilotta,pokeapi:move_names.csv
move,Hurricane,Tifone,pokeapi:move_names.csv
move,Hydro Cannon,Idrocannone,pokeapi:move_names.csv
move,Hydro Pump,Idropompa,pokeapi:move_names.csv
move,Hydro Steam,Idrovapore,pokeapi:move_names.csv
move,Hydro Vortex,Idrovortice Abissale,pokeapi:move_names.csv
move,Hyper Beam,Iper Raggio,pokeapi:move_names.csv
move,Hyper Drill,Ipertrapano,pokeapi:move_names.csv
move,Hyper Fang,Iperzanna,pokeapi:move_names.csv
move,Hyper Voice,Granvoce,pokeapi:move_names.csv
move,Hyperspace Fury,Urtodimensionale,pokeapi:move_names.csv
move,Hyperspace Hole,Forodimensionale,pokeapi:move_names.csv
move,Hypnosis,Ipnosi,pokeapi:move_names.csv
move,Ice Ball,Palla Gelo,pokeapi:move_names.csv
move,Ice Beam,Geloraggio,pokeapi:move_names.csv
move,Ice Burn,Vampagelida,pokeapi:move_names.csv
move,Ice Fang,Gelodenti,pokeapi:move_names.csv
move,Ice Hammer,Martelgelo,pokeapi:move_names.csv
move,Ice Punch,Gelopugno,pokeapi:move_names.csv
move,Ice Shard,Geloscheggia,pokeapi:move_names.csv
move,Ice Spinner,Vortighiaccio,pokeapi:move_names.csv
move,Icicle Crash,Scagliagelo,pokeapi:move_names.csv
move,Icicle Spear,Gelolancia,pokeapi:move_names.csv
move,Icy Wind,Ventogelato,pokeapi:move_names.csv
move,Imprison,Esclusiva,pokeapi:move_names.csv
move,Incinerate,Bruciatutto,pokeapi:move_names.csv
move,Infernal Parade,Corteo Spettrale,pokeapi:move_names.csv
move,Inferno,Marchiatura,pokeapi:move_names.csv
move,Inferno Overdrive,Fiammobomba Detonante,pokeapi:move_names.csv
move,Infestation,Assillo,pokeapi:move_names.csv
move,Ingrain,Radicamento,pokeapi:move_names.csv
move,Instruct,Imposizione,pokeapi:move_names.csv
move,Ion Deluge,Pioggiaplasma,pokeapi:move_names.csv
move,Iron Defense,Ferroscudo,pokeapi:move_names.csv
move,Iron Head,Metaltestata,pokeapi:move_names.csv
move,Iron Tail,Codacciaio,pokeapi:move_names.csv
move,Ivy Cudgel,Clava di Liane,pokeapi:move_names.csv
move,Jaw Lock,Morsostretto,pokeapi:move_names.csv
move,Jet Punch,Pugnojet,pokeapi:move_names.csv
move,Judgment,Giudizio,pokeapi:move_names.csv
move,Jump Kick,Calciosalto,pokeapi:move_names.csv
move,Jungle Healing,Giunglacura,pokeapi:move_names.csv
move,Karate Chop,Colpokarate,pokeapi:move_names.csv
move,Kinesis,Cinèsi,pokeapi:move_names.csv
move,King’s Shield,Scudo Reale,pokeapi:move_names.csv
move,Knock Off,Privazione,pokeapi:move_names.csv
move,Kowtow Cleave,Genufendente,pokeapi:move_names.csv
move,Land’s Wrath,Forza Tellurica,pokeapi:move_names.csv
move,Laser Focus,Concentrazione,pokeapi:move_names.csv
move,Lash Out,Sfogarabbia,pokeapi:move_names.csv
move,Last Resort,Ultimascelta,pokeapi:move_names.csv
move,Last Respects,Omaggio ai KO,pokeapi:move_names.csv
move,Lava Plume,Lavasbuffo,pokeapi:move_names.csv
move,Leaf Blade,Fendifoglia,pokeapi:move_names.csv
move,Leaf Storm,Verdebufera,pokeapi:move_names.csv
move,Leaf Tornado,Vorticerba,pokeapi:move_names.csv
move,Leafage,Fogliame,pokeapi:move_names.csv
move,Leech Life,Sanguisuga,pokeapi:move_names.csv
move,Leech Seed,Parassiseme,pokeapi:move_names.csv
move,Leer,Fulmisguardo,pokeapi:move_names.csv
move,Let’s Snuggle Forever,Dolcesacco di Botte,pokeapi:move_names.csv
move,Lick,Leccata,pokeapi:move_names.csv
move,Life Dew,Goccia Vitale,pokeapi:move_names.csv
move,Light Screen,Schermoluce,pokeapi:move_names.csv
move,Light That Burns the Sky,Fotodistruzione Apocalittica,pokeapi:move_names.csv
move,Light of Ruin,Luce Nefasta,pokeapi:move_names.csv
move,Liquidation,Idrobreccia,pokeapi:move_names.csv
move,Lock-On,Localizza,pokeapi:move_names.csv
move,Lovely Kiss,Demonbacio,pokeapi:move_names.csv
move,Low Kick,Colpo Basso,pokeapi:move_names.csv
move,Low Sweep,Calciobasso,pokeapi:move_names.csv
move,Lucky Chant,Fortuncanto,pokeapi:move_names.csv
move,Lumina Crash,Fotocollisione,pokeapi:move_names.csv
move,Lunar Blessing,Invocaluna,pokeapi:move_names.csv
move,Lunar Dance,Lunardanza,pokeapi:move_names.csv
move,Lunge,Assalto,pokeapi:move_names.csv
move,Luster Purge,Abbagliante,pokeapi:move_names.csv
move,Mach Punch,Pugnorapido,pokeapi:move_names.csv
move,Magic Coat,Magivelo,pokeapi:move_names.csv
move,Magic Powder,Magipolvere,pokeapi:move_names.csv
move,Magic Room,Magicozona,pokeapi:move_names.csv
move,Magical Leaf,Fogliamagica,pokeapi:move_names.csv
move,Magical Torque,Turboincanto,pokeapi:move_names.csv
move,Magma Storm,Magmaclisma,pokeapi:move_names.csv
move,Magnet Bomb,Bombagnete,pokeapi:move_names.csv
move,Magnet Rise,Magnetascesa,pokeapi:move_names.csv
move,Magnetic Flux,Controllo Polare,pokeapi:move_names.csv
move,Magnitude,Magnitudo,pokeapi:move_names.csv
move,Make It Rain,Corsa all’Oro,pokeapi:move_names.csv
move,Malicious Moonsault,Iperschianto delle Tenebre,pokeapi:move_names.csv
move,Malignant Chain,Intossicatena,pokeapi:move_names.csv
move,Mat Block,Ribaltappeto,pokeapi:move_names.csv
move,Matcha Gotcha,Spruzzatè,pokeapi:move_names.csv
move,Max Airstream,Dynajet,pokeapi:move_names.csv
move,Max Darkness,Dynatenebre,pokeapi:move_names.csv
move,Max Flare,Dynafiammata,pokeapi:move_names.csv
move,Max Flutterby,Dynainsetto,pokeapi:move_names.csv
move,Max Geyser,Dynaflusso,pokeapi:move_names.csv
move,Max Guard,Dynabarriera,pokeapi:move_names.csv
move,Max Hailstorm,Dynagelo,pokeapi:move_names.csv
move,Max Knuckle,Dynapugno,pokeapi:move_names.csv
move,Max Lightning,Dynasaetta,pokeapi:move_names.csv
move,Max Mindstorm,Dynapsiche,pokeapi:move_names.csv
move,Max Ooze,Dynacorrosione,pokeapi:move_names.csv
move,Max Overgrowth,Dynaflora,pokeapi:move_names.csv
move,Max Phantasm,Dynavuoto,pokeapi:move_names.csv
move,Max Quake,Dynasisma,pokeapi:move_names.csv
move,Max Rockfall,Dynamacigno,pokeapi:move_names.csv
move,Max Starfall,Dynafata,pokeapi:move_names.csv
move,Max Steelspike,Dynametallo,pokeapi:move_names.csv
move,Max Strike,Dynattacco,pokeapi:move_names.csv
move,Max Wyrmwind,Dynadragone,pokeapi:move_names.csv
move,Me First,Precedenza,pokeapi:move_names.csv
move,Mean Look,Malosguardo,pokeapi:move_names.csv
move,Meditate,Meditazione,pokeapi:move_names.csv
move,Mega Drain,Megassorbimento,pokeapi:move_names.csv
move,Mega Kick,Megacalcio,pokeapi:move_names.csv
move,Mega Punch,Megapugno,pokeapi:move_names.csv
move,Megahorn,Megacorno,pokeapi:move_names.csv
move,Memento,Memento,pokeapi:move_names.csv
move,Menacing Moonraze Maelstrom,Deflagrazione Lunare,pokeapi:move_names.csv
move,Metal Burst,Metalscoppio,pokeapi:move_names.csv
move,Metal Claw,Ferrartigli,pokeapi:move_names.csv
move,Metal Sound,Ferrostrido,pokeapi:move_names.csv
move,Meteor Assault,Sfolgorassalto,pokeapi:move_names.csv
move,Meteor Beam,Raggiometeora,pokeapi:move_names.csv
move,Meteor Mash,Meteorpugno,pokeapi:move_names.csv
move,Metronome,Metronomo,pokeapi:move_names.csv
move,Mighty Cleave,Taglio Poderoso,pokeapi:move_names.csv
move,Milk Drink,Buonlatte,pokeapi:move_names.csv
move,Mimic,Mimica,pokeapi:move_names.csv
move,Mind Blown,Sbalorditesta,pokeapi:move_names.csv
move,Mind Reader,Leggimente,pokeapi:move_names.csv
move,Minimize,Minimizzato,pokeapi:move_names.csv
move,Miracle Eye,Miracolvista,pokeapi:move_names.csv
move,Mirror Coat,Specchiovelo,pokeapi:move_names.csv
move,Mirror Move,Speculmossa,pokeapi:move_names.csv
move,Mirror Shot,Cristalcolpo,pokeapi:move_names.csv
move,Mist,Nebbia,pokeapi:move_names.csv
move,Mist Ball,Foschisfera,pokeapi:move_names.csv
move,Misty Explosion,Nebbioscoppio,pokeapi:move_names.csv
move,Misty Terrain,Campo Nebbioso,pokeapi:move_names.csv
move,Moonblast,Forza Lunare,pokeapi:move_names.csv
move,Moongeist Beam,Raggio d’Ombra,pokeapi:move_names.csv
move,Moonlight,Lucelunare,pokeapi:move_names.csv
move,Morning Sun,Mattindoro,pokeapi:move_names.csv
move,Mortal Spin,Glitturbine,pokeapi:move_names.csv
move,Mountain Gale,Soffio d’Iceberg,pokeapi:move_names.csv
move,Mud Bomb,Pantanobomba,pokeapi:move_names.csv
move,Mud Shot,Colpodifango,pokeapi:move_names.csv
move,Mud Sport,Fangata,pokeapi:move_names.csv
move,Mud-Slap,Fangosberla,pokeapi:move_names.csv
move,Muddy Water,Fanghiglia,pokeapi:move_names.csv
move,Multi-Attack,Multiattacco,pokeapi:move_names.csv
move,Mystical Fire,Magifiamma,pokeapi:move_names.csv
move,Mystical Power,Forza Mistica,pokeapi:move_names.csv
move,Nasty Plot,Congiura,pokeapi:move_names.csv
move,Natural Gift,Dononaturale,pokeapi:move_names.csv
move,Nature Power,Naturforza,pokeapi:move_names.csv
move,Nature’s Madness,Ira della Natura,pokeapi:move_names.csv
move,Needle Arm,Pugnospine,pokeapi:move_names.csv
move,Never-Ending Nightmare,Abbraccio Spettrale,pokeapi:move_names.csv
move,Night Daze,Urtoscuro,pokeapi:move_names.csv
move,Night Shade,Ombra Notturna,pokeapi:move_names.csv
move,Night Slash,Nottesferza,pokeapi:move_names.csv
move,Nightmare,Incubo,pokeapi:move_names.csv
move,No Retreat,Spalle al Muro,pokeapi:move_names.csv
move,Noble Roar,Urlo,pokeapi:move_names.csv
move,Noxious Torque,Turbotossina,pokeapi:move_names.csv
move,Nuzzle,Elettrococcola,pokeapi:move_names.csv
move,Oblivion Wing,Ali del Fato,pokeapi:move_names.csv
move,Obstruct,Sbarramento,pokeapi:move_names.csv
move,Oceanic Operetta,Sinfonia del Mare,pokeapi:move_names.csv
move,Octazooka,Octazooka,pokeapi:move_names.csv
move,Octolock,Tentacolock,pokeapi:move_names.csv
move,Odor Sleuth,Segugio,pokeapi:move_names.csv
move,Ominous Wind,Funestovento,pokeapi:move_names.csv
move,Order Up,Alta Cucina,pokeapi:move_names.csv
move,Origin Pulse,Primopulsar,pokeapi:move_names.csv
move,Outrage,Oltraggio,pokeapi:move_names.csv
move,Overdrive,Overdrive,pokeapi:move_names.csv
move,Overheat,Vampata,pokeapi:move_names.csv
move,Pain Split,Malcomune,pokeapi:move_names.csv
move,Parabolic Charge,Caricaparabola,pokeapi:move_names.csv
move,Parting Shot,Monito,pokeapi:move_names.csv
move,Pay Day,Giornopaga,pokeapi:move_names.csv
move,Payback,Rivincita,pokeapi:move_names.csv
move,Peck,Beccata,pokeapi:move_names.csv
move,Perish Song,Ultimocanto,pokeapi:move_names.csv
move,Petal Blizzard,Fiortempesta,pokeapi:move_names.csv
move,Petal Dance,Petalodanza,pokeapi:move_names.csv
move,Phantom Force,Spettrotuffo,pokeapi:move_names.csv
move,Photon Geyser,Geyser Fotonico,pokeapi:move_names.csv
move,Pika Papow,Pikasaetta,pokeapi:move_names.csv
move,Pin Missile,Missilspillo,pokeapi:move_names.csv
move,Plasma Fists,Pugni Plasma,pokeapi:move_names.csv
move,Play Nice,Simpatia,pokeapi:move_names.csv
move,Play Rough,Carineria,pokeapi:move_names.csv
move,Pluck,Spennata,pokeapi:move_names.csv
move,Poison Fang,Velenodenti,pokeapi:move_names.csv
move,Poison Gas,Velenogas,pokeapi:move_names.csv
move,Poison Jab,Velenpuntura,pokeapi:move_names.csv
move,Poison Powder,Velenpolvere,pokeapi:move_names.csv
move,Poison Sting,Velenospina,pokeapi:move_names.csv
move,Poison Tail,Velenocoda,pokeapi:move_names.csv
move,Pollen Puff,Sferapolline,pokeapi:move_names.csv
move,Poltergeist,Poltergeist,pokeapi:move_names.csv
move,Population Bomb,Infestazione,pokeapi:move_names.csv
move,Pounce,Balzo,pokeapi:move_names.csv
move,Pound,Botta,pokeapi:move_names.csv
move,Powder,Pulviscoppio,pokeapi:move_names.csv
move,Powder Snow,Polneve,pokeapi:move_names.csv
move,Power Gem,Gemmoforza,pokeapi:move_names.csv
move,Power Shift,Scambioforza,pokeapi:move_names.csv
move,Power Split,Pariattacco,pokeapi:move_names.csv
move,Power Swap,Barattoforza,pokeapi:move_names.csv
move,Power Trick,Ingannoforza,pokeapi:move_names.csv
move,Power Trip,Tracotanza,pokeapi:move_names.csv
move,Power Whip,Vigorcolpo,pokeapi:move_names.csv
move,Power-Up Punch,Crescipugno,pokeapi:move_names.csv
move,Precipice Blades,Spade Telluriche,pokeapi:move_names.csv
move,Present,Regalino,pokeapi:move_names.csv
move,Prismatic Laser,Prismalaser,pokeapi:move_names.csv
move,Protect,Protezione,pokeapi:move_names.csv
move,Psybeam,Psicoraggio,pokeapi:move_names.csv
move,Psyblade,Psicolama,pokeapi:move_names.csv
move,Psych Up,Psicamisù,pokeapi:move_names.csv
move,Psychic,Psichico,pokeapi:move_names.csv
move,Psychic Fangs,Psicozanna,pokeapi:move_names.csv
move,Psychic Noise,Psicorumore,pokeapi:move_names.csv
move,Psychic Terrain,Campo Psichico,pokeapi:move_names.csv
move,Psycho Boost,Psicoslancio,pokeapi:move_names.csv
move,Psycho Cut,Psicotaglio,pokeapi:move_names.csv
move,Psycho Shift,Psicotransfer,pokeapi:move_names.csv
move,Psyshield Bash,Barrierassalto,pokeapi:move_names.csv
move,Psyshock,Psicoshock,pokeapi:move_names.csv
move,Psystrike,Psicobotta,pokeapi:move_names.csv
move,Psywave,Psiconda,pokeapi:move_names.csv
move,Pulverizing Pancake,Adesso Faccio sul Serio,pokeapi:move_names.csv
move,Punishment,Punizione,pokeapi:move_names.csv
move,Purify,Purificazione,pokeapi:move_names.csv
move,Pursuit,Inseguimento,pokeapi:move_names.csv
move,Pyro Ball,Palla Infuocata,pokeapi:move_names.csv
move,Quash,Spintone,pokeapi:move_names.csv
move,Quick Attack,Attacco Rapido,pokeapi:move_names.csv
move,Quick Guard,Anticipo,pokeapi:move_names.csv
move,Quiver Dance,Eledanza,pokeapi:move_names.csv
move,Rage,Ira,pokeapi:move_names.csv
move,Rage Fist,Pugno Furibondo,pokeapi:move_names.csv
move,Rage Powder,Polverabbia,pokeapi:move_names.csv
move,Raging Bull,Scatenatoro,pokeapi:move_names.csv
move,Raging Fury,Ira Furente,pokeapi:move_names.csv
move,Rain Dance,Pioggiadanza,pokeapi:move_names.csv
move,Rapid Spin,Rapigiro,pokeapi:move_names.csv
move,Razor Leaf,Foglielama,pokeapi:move_names.csv
move,Razor Shell,Conchilama,pokeapi:move_names.csv
move,Razor Wind,Ventagliente,pokeapi:move_names.csv
move,Recover,Ripresa,pokeapi:move_names.csv
move,Recycle,Riciclo,pokeapi:move_names.csv
move,Reflect,Riflesso,pokeapi:move_names.csv
move,Reflect Type,Riflettipo,pokeapi:move_names.csv
move,Refresh,Rinfrescata,pokeapi:move_names.csv
move,Relic Song,Cantoantico,pokeapi:move_names.csv
move,Rest,Riposo,pokeapi:move_names.csv
move,Retaliate,Nemesi,pokeapi:move_names.csv
move,Return,Ritorno,pokeapi:move_names.csv
move,Revelation Dance,Mutadanza,pokeapi:move_names.csv
move,Revenge,Vendetta,pokeapi:move_names.csv
move,Reversal,Contropiede,pokeapi:move_names.csv
move,Revival Blessing,Preghiera Vitale,pokeapi:move_names.csv
move,Rising Voltage,Elettroimpennata,pokeapi:move_names.csv
move,Roar,Boato,pokeapi:move_names.csv
move,Roar of Time,Fragortempo,pokeapi:move_names.csv
move,Rock Blast,Cadutamassi,pokeapi:move_names.csv
move,Rock Climb,Scalaroccia,pokeapi:move_names.csv
move,Rock Polish,Lucidatura,pokeapi:move_names.csv
move,Rock Slide,Frana,pokeapi:move_names.csv
move,Rock Smash,Spaccaroccia,pokeapi:move_names.csv
move,Rock Throw,Sassata,pokeapi:move_names.csv
move,Rock Tomb,Rocciotomba,pokeapi:move_names.csv
move,Rock Wrecker,Devastomasso,pokeapi:move_names.csv
move,Role Play,Giocodiruolo,pokeapi:move_names.csv
move,Rolling Kick,Calciorullo,pokeapi:move_names.csv
move,Rollout,Rotolamento,pokeapi:move_names.csv
move,Roost,Trespolo,pokeapi:move_names.csv
move,Rototiller,Aracampo,pokeapi:move_names.csv
move,Round,Coro,pokeapi:move_names.csv
move,Ruination,Catastrofe,pokeapi:move_names.csv
move,Sacred Fire,Magifuoco,pokeapi:move_names.csv
move,Sacred Sword,Spadasolenne,pokeapi:move_names.csv
move,Safeguard,Salvaguardia,pokeapi:move_names.csv
move,Salt Cure,Sotto Sale,pokeapi:move_names.csv
move,Sand Attack,Turbosabbia,pokeapi:move_names.csv
move,Sand Tomb,Sabbiotomba,pokeapi:move_names.csv
move,Sandsear Storm,Tempesta Ardente,pokeapi:move_names.csv
move,Sandstorm,Terrempesta,pokeapi:move_names.csv
move,Sappy Seed,Bombafrush,pokeapi:move_names.csv
move,Savage Spin-Out,Bozzolo Fatale,pokeapi:move_names.csv
move,Scald,Idrovampata,pokeapi:move_names.csv
move,Scale Shot,Squamacolpo,pokeapi:move_names.csv
move,Scary Face,Visotruce,pokeapi:move_names.csv
move,Scorching Sands,Sabbiardente,pokeapi:move_names.csv
move,Scratch,Graffio,pokeapi:move_names.csv
move,Screech,Stridio,pokeapi:move_names.csv
move,Searing Shot,Sparafuoco,pokeapi:move_names.csv
move,Searing Sunraze Smash,Supercollisione Solare,pokeapi:move_names.csv
move,Secret Power,Forzasegreta,pokeapi:move_names.csv
move,Secret Sword,Spadamistica,pokeapi:move_names.csv
move,Seed Bomb,Semebomba,pokeapi:move_names.csv
move,Seed Flare,Infuriaseme,pokeapi:move_names.csv
move,Seismic Toss,Movim. Sismico,pokeapi:move_names.csv
move,Self-Destruct,Autodistruzione,pokeapi:move_names.csv
move,Shadow Ball,Palla Ombra,pokeapi:move_names.csv
move,Shadow Blast,Ombrolame,pokeapi:move_names.csv
move,Shadow Blitz,Ombrattacco,pokeapi:move_names.csv
move,Shadow Bolt,Fulminombra,pokeapi:move_names.csv
move,Shadow Bone,Ossotetro,pokeapi:move_names.csv
move,Shadow Break,Ombrospinta,pokeapi:move_names.csv
move,Shadow Chill,Gelodombra,pokeapi:move_names.csv
move,Shadow Claw,Ombrartigli,pokeapi:move_names.csv
move,Shadow Down,Declinoscuro,pokeapi:move_names.csv
move,Shadow End,Fineoscuro,pokeapi:move_names.csv
move,Shadow Fire,Fuocoscuro,pokeapi:move_names.csv
move,Shadow Force,Oscurotuffo,pokeapi:move_names.csv
move,Shadow Half,Iraoscura,pokeapi:move_names.csv
move,Shadow Hold,Retedombra,pokeapi:move_names.csv
move,Shadow Mist,Nebbiascura,pokeapi:move_names.csv
move,Shadow Panic,Ombrapanico,pokeapi:move_names.csv
move,Shadow Punch,Pugnodombra,pokeapi:move_names.csv
move,Shadow Rave,Ombrolancia,pokeapi:move_names.csv
move,Shadow Rush,Ombroraffica,pokeapi:move_names.csv
move,Shadow Shed,Ombrannulla,pokeapi:move_names.csv
move,Shadow Sky,Cieloscuro,pokeapi:move_names.csv
move,Shadow Sneak,Furtivombra,pokeapi:move_names.csv
move,Shadow Storm,Turbinombra,pokeapi:move_names.csv
move,Shadow Wave,Ondascura,pokeapi:move_names.csv
move,Sharpen,Affilatore,pokeapi:move_names.csv
move,Shattered Psyche,Impatto Psicocinetico,pokeapi:move_names.csv
move,Shed Tail,Tagliacoda,pokeapi:move_names.csv
move,Sheer Cold,Purogelo,pokeapi:move_names.csv
move,Shell Side Arm,Armaguscio,pokeapi:move_names.csv
move,Shell Smash,Gettaguscio,pokeapi:move_names.csv
move,Shell Trap,Gusciotrappola,pokeapi:move_names.csv
move,Shelter,Barricata,pokeapi:move_names.csv
move,Shift Gear,Cambiomarcia,pokeapi:move_names.csv
move,Shock Wave,Ondashock,pokeapi:move_names.csv
move,Shore Up,Sabbiaccumulo,pokeapi:move_names.csv
move,Signal Beam,Segnoraggio,pokeapi:move_names.csv
move,Silk Trap,Telatrappola,pokeapi:move_names.csv
move,Silver Wind,Ventargenteo,pokeapi:move_names.csv
move,Simple Beam,Ondisinvolta,pokeapi:move_names.csv
move,Sing,Canto,pokeapi:move_names.csv
move,Sinister Arrow Raid,Dardoassalto Spettrale,pokeapi:move_names.csv
move,Sizzly Slide,Fiammabam,pokeapi:move_names.csv
move,Sketch,Schizzo,pokeapi:move_names.csv
move,Skill Swap,Baratto,pokeapi:move_names.csv
move,Skitter Smack,Strisciacolpo,pokeapi:move_names.csv
move,Skull Bash,Capocciata,pokeapi:move_names.csv
move,Sky Attack,Aeroattacco,pokeapi:move_names.csv
move,Sky Drop,Cadutalibera,pokeapi:move_names.csv
move,Sky Uppercut,Stramontante,pokeapi:move_names.csv
move,Slack Off,Pigro,pokeapi:move_names.csv
move,Slam,Schianto,pokeapi:move_names.csv
move,Slash,Lacerazione,pokeapi:move_names.csv
move,Sleep Powder,Sonnifero,pokeapi:move_names.csv
move,Sleep Talk,Sonnolalia,pokeapi:move_names.csv
move,Sludge,Fango,pokeapi:move_names.csv
move,Sludge Bomb,Fangobomba,pokeapi:move_names.csv
move,Sludge Wave,Fangonda,pokeapi:move_names.csv
move,Smack Down,Abbattimento,pokeapi:move_names.csv
move,Smart Strike,Sottilcorno,pokeapi:move_names.csv
move,Smelling Salts,Maniereforti,pokeapi:move_names.csv
move,Smog,Smog,pokeapi:move_names.csv
move,Smokescreen,Muro di Fumo,pokeapi:move_names.csv
move,Snap Trap,Tagliola,pokeapi:move_names.csv
move,Snarl,Urlorabbia,pokeapi:move_names.csv
move,Snatch,Scippo,pokeapi:move_names.csv
move,Snipe Shot,Tiromirato,pokeapi:move_names.csv
move,Snore,Russare,pokeapi:move_names.csv
move,Snowscape,Vista Innevata,pokeapi:move_names.csv
move,Soak,Inondazione,pokeapi:move_names.csv
move,Soft-Boiled,Covauova,pokeapi:move_names.csv
move,Solar Beam,Solarraggio,pokeapi:move_names.csv
move,Solar Blade,Lama Solare,pokeapi:move_names.csv
move,Sonic Boom,Sonicboom,pokeapi:move_names.csv
move,Soul-Stealing 7-Star Strike,Colpo Eptastellare Rubanima,pokeapi:move_names.csv
move,Spacial Rend,Fendispazio,pokeapi:move_names.csv
move,Spark,Scintilla,pokeapi:move_names.csv
move,Sparkling Aria,Canto Effimero,pokeapi:move_names.csv
move,Sparkly Swirl,Sbrilluccibufera,pokeapi:move_names.csv
move,Spectral Thief,Ombrafurto,pokeapi:move_names.csv
move,Speed Swap,Velociscambio,pokeapi:move_names.csv
move,Spicy Extract,Essenza Piccante,pokeapi:move_names.csv
move,Spider Web,Ragnatela,pokeapi:move_names.csv
move,Spike Cannon,Sparalance,pokeapi:move_names.csv
move,Spikes,Punte,pokeapi:move_names.csv
move,Spiky Shield,Agodifesa,pokeapi:move_names.csv
move,Spin Out,Slittaruote,pokeapi:move_names.csv
move,Spirit Break,Frantumanima,pokeapi:move_names.csv
move,Spirit Shackle,Cucitura d’Ombra,pokeapi:move_names.csv
move,Spit Up,Sfoghenergia,pokeapi:move_names.csv
move,Spite,Dispetto,pokeapi:move_names.csv
move,Splash,Splash,pokeapi:move_names.csv
move,Splintered Stormshards,Litotempesta Radiale,pokeapi:move_names.csv
move,Splishy Splash,Surfasplash,pokeapi:move_names.csv
move,Spore,Spora,pokeapi:move_names.csv
move,Spotlight,Riflettore,pokeapi:move_names.csv
move,Springtide Storm,Tempesta Zefirea,pokeapi:move_names.csv
move,Stealth Rock,Levitoroccia,pokeapi:move_names.csv
move,Steam Eruption,Vaporscoppio,pokeapi:move_names.csv
move,Steamroller,Rulloduro,pokeapi:move_names.csv
move,Steel Beam,Raggio d’Acciaio,pokeapi:move_names.csv
move,Steel Roller,Ferrorullo,pokeapi:move_names.csv
move,Steel Wing,Alacciaio,pokeapi:move_names.csv
move,Sticky Web,Rete Vischiosa,pokeapi:move_names.csv
move,Stockpile,Accumulo,pokeapi:move_names.csv
move,Stoked Sparksurfer,Elettrosurf Folgorante,pokeapi:move_names.csv
move,Stomp,Pestone,pokeapi:move_names.csv
move,Stomping Tantrum,Battipiedi,pokeapi:move_names.csv
move,Stone Axe,Rocciascure,pokeapi:move_names.csv
move,Stone Edge,Pietrataglio,pokeapi:move_names.csv
move,Stored Power,Veicolaforza,pokeapi:move_names.csv
move,Storm Throw,Tempestretta,pokeapi:move_names.csv
move,Strange Steam,Vapore Incantato,pokeapi:move_names.csv
move,Strength,Forza,pokeapi:move_names.csv
move,Strength Sap,Assorbiforza,pokeapi:move_names.csv
move,String Shot,Millebave,pokeapi:move_names.csv
move,Struggle,Scontro,pokeapi:move_names.csv
move,Struggle Bug,Entomoblocco,pokeapi:move_names.csv
move,Stuff Cheeks,Riempiguance,pokeapi:move_names.csv
move,Stun Spore,Paralizzante,pokeapi:move_names.csv
move,Submission,Sottomissione,pokeapi:move_names.csv
move,Substitute,Sostituto,pokeapi:move_names.csv
move,Subzero Slammer,Criodistruzione Polare,pokeapi:move_names.csv
move,Sucker Punch,Sbigoattacco,pokeapi:move_names.csv
move,Sunny Day,Giornodisole,pokeapi:move_names.csv
move,Sunsteel Strike,Astrocarica,pokeapi:move_names.csv
move,Super Fang,Superzanna,pokeapi:move_names.csv
move,Supercell Slam,Elettrotuffo,pokeapi:move_names.csv
move,Superpower,Troppoforte,pokeapi:move_names.csv
move,Supersonic,Supersuono,pokeapi:move_names.csv
move,Supersonic Skystrike,Picchiata Devastante,pokeapi:move_names.csv
move,Surf,Surf,pokeapi:move_names.csv
move,Surging Strikes,Idroraffica,pokeapi:move_names.csv
move,Swagger,Bullo,pokeapi:move_names.csv
move,Swallow,Introenergia,pokeapi:move_names.csv
move,Sweet Kiss,Dolcebacio,pokeapi:move_names.csv
move,Sweet Scent,Profumino,pokeapi:move_names.csv
move,Swift,Comete,pokeapi:move_names.csv
move,Switcheroo,Rapidscambio,pokeapi:move_names.csv
move,Swords Dance,Danzaspada,pokeapi:move_names.csv
move,Synchronoise,Sincrumore,pokeapi:move_names.csv
move,Synthesis,Sintesi,pokeapi:move_names.csv
move,Syrup Bomb,Bomba Sciroppata,pokeapi:move_names.csv
move,Tachyon Cutter,Tachiontaglio,pokeapi:move_names.csv
move,Tackle,Azione,pokeapi:move_names.csv
move,Tail Glow,Codadiluce,pokeapi:move_names.csv
move,Tail Slap,Spazzasberla,pokeapi:move_names.csv
move,Tail Whip,Colpocoda,pokeapi:move_names.csv
move,Tailwind,Ventoincoda,pokeapi:move_names.csv
move,Take Down,Riduttore,pokeapi:move_names.csv
move,Take Heart,Baldimpulso,pokeapi:move_names.csv
move,Tar Shot,Colpocatrame,pokeapi:move_names.csv
move,Taunt,Provocazione,pokeapi:move_names.csv
move,Tearful Look,Occhionilucidi,pokeapi:move_names.csv
move,Teatime,Ora del Tè,pokeapi:move_names.csv
move,Techno Blast,Tecnobotto,pokeapi:move_names.csv
move,Tectonic Rage,Furore della Terra,pokeapi:move_names.csv
move,Teeter Dance,Strampadanza,pokeapi:move_names.csv
move,Telekinesis,Telecinesi,pokeapi:move_names.csv
move,Teleport,Teletrasporto,pokeapi:move_names.csv
move,Temper Flare,Rabbia Bruciante,pokeapi:move_names.csv
move,Tera Blast,Terascoppio,pokeapi:move_names.csv
move,Tera Starstorm,Teracluster,pokeapi:move_names.csv
move,Terrain Pulse,Campopulsar,pokeapi:move_names.csv
move,Thief,Furto,pokeapi:move_names.csv
move,Thousand Arrows,Mille Frecce,pokeapi:move_names.csv
move,Thousand Waves,Mille Onde,pokeapi:move_names.csv
move,Thrash,Colpo,pokeapi:move_names.csv
move,Throat Chop,Colpo Infernale,pokeapi:move_names.csv
move,Thunder,Tuono,pokeapi:move_names.csv
move,Thunder Cage,Elettrogabbia,pokeapi:move_names.csv
move,Thunder Fang,Fulmindenti,pokeapi:move_names.csv
move,Thunder Punch,Tuonopugno,pokeapi:move_names.csv
move,Thunder Shock,Tuonoshock,pokeapi:move_names.csv
move,Thunder Wave,Tuononda,pokeapi:move_names.csv
move,Thunderbolt,Fulmine,pokeapi:move_names.csv
move,Thunderclap,Saetta,pokeapi:move_names.csv
move,Thunderous Kick,Calcio Tonante,pokeapi:move_names.csv
move,Tickle,Solletico,pokeapi:move_names.csv
move,Tidy Up,Pulizie,pokeapi:move_names.csv
move,Topsy-Turvy,Sottosopra,pokeapi:move_names.csv
move,Torch Song,Canzone Ardente,pokeapi:move_names.csv
move,Torment,Attaccalite,pokeapi:move_names.csv
move,Toxic,Tossina,pokeapi:move_names.csv
move,Toxic Spikes,Fielepunte,pokeapi:move_names.csv
move,Toxic Thread,Velenotela,pokeapi:move_names.csv
move,Trailblaze,Apripista,pokeapi:move_names.csv
move,Transform,Trasformazione,pokeapi:move_names.csv
move,Tri Attack,Tripletta,pokeapi:move_names.csv
move,Trick,Raggiro,pokeapi:move_names.csv
move,Trick Room,Distortozona,pokeapi:move_names.csv
move,Trick-or-Treat,Halloween,pokeapi:move_names.csv
move,Triple Arrows,Triplodardo,pokeapi:move_names.csv
move,Triple Axel,Triplo Axel,pokeapi:move_names.csv
move,Triple Dive,Triplo Tuffo,pokeapi:move_names.csv
move,Triple Kick,Triplocalcio,pokeapi:move_names.csv
move,Trop Kick,Tropicalcio,pokeapi:move_names.csv
move,Trump Card,Asso,pokeapi:move_names.csv
move,Twin Beam,Doppioraggio,pokeapi:move_names.csv
move,Twineedle,Doppio Ago,pokeapi:move_names.csv
move,Twinkle Tackle,Astroimpatto Fatato,pokeapi:move_names.csv
move,Twister,Tornado,pokeapi:move_names.csv
move,U-turn,Retromarcia,pokeapi:move_names.csv
move,Upper Hand,Colpo di Mano,pokeapi:move_names.csv
move,Uproar,Baraonda,pokeapi:move_names.csv
move,V-create,Generatore V,pokeapi:move_names.csv
move,Vacuum Wave,Vuotonda,pokeapi:move_names.csv
move,Veevee Volley,Eeveempatto,pokeapi:move_names.csv
move,Venom Drench,Velenotrappola,pokeapi:move_names.csv
move,Venoshock,Velenoshock,pokeapi:move_names.csv
move,Victory Dance,Danzavittoria,pokeapi:move_names.csv
move,Vine Whip,Frustata,pokeapi:move_names.csv
move,Vise Grip,Presa,pokeapi:move_names.csv
move,Vital Throw,Vitaltiro,pokeapi:move_names.csv
move,Volt Switch,Invertivolt,pokeapi:move_names.csv
move,Volt Tackle,Locomovolt,pokeapi:move_names.csv
move,Wake-Up Slap,Svegliopacca,pokeapi:move_names.csv
move,Water Gun,Pistolacqua,pokeapi:move_names.csv
move,Water Pledge,Acquapatto,pokeapi:move_names.csv
move,Water Pulse,Idropulsar,pokeapi:move_names.csv
move,Water Shuriken,Acqualame,pokeapi:move_names.csv
move,Water Sport,Docciascudo,pokeapi:move_names.csv
move,Water Spout,Zampillo,pokeapi:move_names.csv
move,Waterfall,Cascata,pokeapi:move_names.csv
move,Wave Crash,Ondaschianto,pokeapi:move_names.csv
move,Weather Ball,Palla Clima,pokeapi:move_names.csv
move,Whirlpool,Mulinello,pokeapi:move_names.csv
move,Whirlwind,Turbine,pokeapi:move_names.csv
move,Wicked Blow,Pugnotenebra,pokeapi:move_names.csv
move,Wicked Torque,Turbotenebra,pokeapi:move_names.csv
move,Wide Guard,Bodyguard,pokeapi:move_names.csv
move,Wild Charge,Sprizzalampo,pokeapi:move_names.csv
move,Wildbolt Storm,Tempesta Tonante,pokeapi:move_names.csv
move,Will-O-Wisp,Fuocofatuo,pokeapi:move_names.csv
move,Wing Attack,Attacco d’Ala,pokeapi:move_names.csv
move,Wish,Desiderio,pokeapi:move_names.csv
move,Withdraw,Ritirata,pokeapi:move_names.csv
move,Wonder Room,Mirabilzona,pokeapi:move_names.csv
move,Wood Hammer,Mazzuolegno,pokeapi:move_names.csv
move,Work Up,Cuordileone,pokeapi:move_names.csv
move,Worry Seed,Affannoseme,pokeapi:move_names.csv
move,Wrap,Avvolgibotta,pokeapi:move_names.csv
move,Wring Out,Strizzata,pokeapi:move_names.csv
move,X-Scissor,Forbice X,pokeapi:move_names.csv
move,Yawn,Sbadiglio,pokeapi:move_names.csv
move,Zap Cannon,Falcecannone,pokeapi:move_names.csv
move,Zen Headbutt,Cozzata Zen,pokeapi:move_names.csv
move,Zing Zap,Elettropizzico,pokeapi:move_names.csv
move,Zippy Zap,Sprintaboom,pokeapi:move_names.csv
nature,Adamant,Decisa,pokeapi:nature_names.csv
nature,Bashful,Ritrosa,pokeapi:nature_names.csv
nature,Bold,Sicura,pokeapi:nature_names.csv
nature,Brave,Audace,pokeapi:nature_names.csv
nature,Calm,Calma,pokeapi:nature_names.csv
nature,Careful,Cauta,pokeapi:nature_names.csv
nature,Docile,Docile,pokeapi:nature_names.csv
nature,Gentle,Gentile,pokeapi:nature_names.csv
nature,Hardy,Ardita,pokeapi:nature_names.csv
nature,Hasty,Lesta,pokeapi:nature_names.csv
nature,Impish,Scaltra,pokeapi:nature_names.csv
nature,Jolly,Allegra,pokeapi:nature_names.csv
nature,Lax,Fiacca,pokeapi:nature_names.csv
nature,Lonely,Schiva,pokeapi:nature_names.csv
nature,Mild,Mite,pokeapi:nature_names.csv
nature,Modest,Modesta,pokeapi:nature_names.csv
nature,Naive,Ingenua,pokeapi:nature_names.csv
nature,Naughty,Birbona,pokeapi:nature_names.csv
nature,Quiet,Quieta,pokeapi:nature_names.csv
nature,Quirky,Furba,pokeapi:nature_names.csv
nature,Rash,Ardente,pokeapi:nature_names.csv
nature,Relaxed,Placida,pokeapi:nature_names.csv
nature,Sassy,Vivace,pokeapi:nature_names.csv
nature,Serious,Seria,pokeapi:nature_names.csv
nature,Timid,Timida,pokeapi:nature_names.csv
region,Alola,Alola,pokeapi:region_names.csv
region,Galar,Galar,pokeapi:region_names.csv
region,Hisui,Hisui,pokeapi:region_names.csv
region,Hoenn,Hoenn,pokeapi:region_names.csv
region,Johto,Johto,pokeapi:region_names.csv
region,Kalos,Kalos,pokeapi:region_names.csv
region,Kanto,Kanto,pokeapi:region_names.csv
region,Paldea,Paldea,pokeapi:region_names.csv
region,Sinnoh,Sinnoh,pokeapi:region_names.csv
region,Unova,Unima,pokeapi:region_names.csv
species,Abomasnow,Abomasnow,pokeapi:pokemon_species_names.csv
species,Abra,Abra,pokeapi:pokemon_species_names.csv
species,Absol,Absol,pokeapi:pokemon_species_names.csv
species,Accelgor,Accelgor,pokeapi:pokemon_species_names.csv
species,Aegislash,Aegislash,pokeapi:pokemon_species_names.csv
species,Aerodactyl,Aerodactyl,pokeapi:pokemon_species_names.csv
species,Aggron,Aggron,pokeapi:pokemon_species_names.csv
species,Aipom,Aipom,pokeapi:pokemon_species_names.csv
species,Alakazam,Alakazam,pokeapi:pokemon_species_names.csv
species,Alcremie,Alcremie,pokeapi:pokemon_species_names.csv
species,Alomomola,Alomomola,pokeapi:pokemon_species_names.csv
species,Altaria,Altaria,pokeapi:pokemon_species_names.csv
species,Amaura,Amaura,pokeapi:pokemon_species_names.csv
species,Ambipom,Ambipom,pokeapi:pokemon_species_names.csv
species,Amoonguss,Amoonguss,pokeapi:pokemon_species_names.csv
species,Ampharos,Ampharos,pokeapi:pokemon_species_names.csv
species,Annihilape,Annihilape,pokeapi:pokemon_species_names.csv
species,Anorith,Anorith,pokeapi:pokemon_species_names.csv
species,Appletun,Appletun,pokeapi:pokemon_species_names.csv
species,Applin,Applin,pokeapi:pokemon_species_names.csv
species,Araquanid,Araquanid,pokeapi:pokemon_species_names.csv
species,Arbok,Arbok,pokeapi:pokemon_species_names.csv
species,Arboliva,Arboliva,pokeapi:pokemon_species_names.csv
species,Arcanine,Arcanine,pokeapi:pokemon_species_names.csv
species,Arceus,Arceus,pokeapi:pokemon_species_names.csv
species,Archaludon,Archaludon,pokeapi:pokemon_species_names.csv
species,Archen,Archen,pokeapi:pokemon_species_names.csv
species,Archeops,Archeops,pokeapi:pokemon_species_names.csv
species,Arctibax,Arctibax,pokeapi:pokemon_species_names.csv
species,Arctovish,Arctovish,pokeapi:pokemon_species_names.csv
species,Arctozolt,Arctozolt,pokeapi:pokemon_species_names.csv
species,Ariados,Ariados,pokeapi:pokemon_species_names.csv
species,Armaldo,Armaldo,pokeapi:pokemon_species_names.csv
species,Armarouge,Armarouge,pokeapi:pokemon_species_names.csv
species,Aromatisse,Aromatisse,pokeapi:pokemon_species_names.csv
species,Aron,Aron,pokeapi:pokemon_species_names.csv
species,Arrokuda,Arrokuda,pokeapi:pokemon_species_names.csv
species,Articuno,Articuno,pokeapi:pokemon_species_names.csv
species,Audino,Audino,pokeapi:pokemon_species_names.csv
species,Aurorus,Aurorus,pokeapi:pokemon_species_names.csv
species,Avalugg,Avalugg,pokeapi:pokemon_species_names.csv
species,Axew,Axew,pokeapi:pokemon_species_names.csv
species,Azelf,Azelf,pokeapi:pokemon_species_names.csv
species,Azumarill,Azumarill,pokeapi:pokemon_species_names.csv
species,Azurill,Azurill,pokeapi:pokemon_species_names.csv
species,Bagon,Bagon,pokeapi:pokemon_species_names.csv
species,Baltoy,Baltoy,pokeapi:pokemon_species_names.csv
species,Banette,Banette,pokeapi:pokemon_species_names.csv
species,Barbaracle,Barbaracle,pokeapi:pokemon_species_names.csv
species,Barboach,Barboach,pokeapi:pokemon_species_names.csv
species,Barraskewda,Barraskewda,pokeapi:pokemon_species_names.csv
species,Basculegion,Basculegion,pokeapi:pokemon_species_names.csv
species,Basculin,Basculin,pokeapi:pokemon_species_names.csv
species,Bastiodon,Bastiodon,pokeapi:pokemon_species_names.csv
species,Baxcalibur,Baxcalibur,pokeapi:pokemon_species_names.csv
species,Bayleef,Bayleef,pokeapi:pokemon_species_names.csv
species,Beartic,Beartic,pokeapi:pokemon_species_names.csv
species,Beautifly,Beautifly,pokeapi:pokemon_species_names.csv
species,Beedrill,Beedrill,pokeapi:pokemon_species_names.csv
species,Beheeyem,Beheeyem,pokeapi:pokemon_species_names.csv
species,Beldum,Beldum,pokeapi:pokemon_species_names.csv
species,Bellibolt,Bellibolt,pokeapi:pokemon_species_names.csv
species,Bellossom,Bellossom,pokeapi:pokemon_species_names.csv
species,Bellsprout,Bellsprout,pokeapi:pokemon_species_names.csv
species,Bergmite,Bergmite,pokeapi:pokemon_species_names.csv
species,Bewear,Bewear,pokeapi:pokemon_species_names.csv
species,Bibarel,Bibarel,pokeapi:pokemon_species_names.csv
species,Bidoof,Bidoof,pokeapi:pokemon_species_names.csv
species,Binacle,Binacle,pokeapi:pokemon_species_names.csv
species,Bisharp,Bisharp,pokeapi:pokemon_species_names.csv
species,Blacephalon,Blacephalon,pokeapi:pokemon_species_names.csv
species,Blastoise,Blastoise,pokeapi:pokemon_species_names.csv
species,Blaziken,Blaziken,pokeapi:pokemon_species_names.csv
species,Blipbug,Blipbug,pokeapi:pokemon_species_names.csv
species,Blissey,Blissey,pokeapi:pokemon_species_names.csv
species,Blitzle,Blitzle,pokeapi:pokemon_species_names.csv
species,Boldore,Boldore,pokeapi:pokemon_species_names.csv
species,Boltund,Boltund,pokeapi:pokemon_species_names.csv
species,Bombirdier,Bombirdier,pokeapi:pokemon_species_names.csv
species,Bonsly,Bonsly,pokeapi:pokemon_species_names.csv
species,Bouffalant,Bouffalant,pokeapi:pokemon_species_names.csv
species,Bounsweet,Bounsweet,pokeapi:pokemon_species_names.csv
species,Braixen,Braixen,pokeapi:pokemon_species_names.csv
species,Brambleghast,Brambleghast,pokeapi:pokemon_species_names.csv
species,Bramblin,Bramblin,pokeapi:pokemon_species_names.csv
species,Braviary,Braviary,pokeapi:pokemon_species_names.csv
species,Breloom,Breloom,pokeapi:pokemon_species_names.csv
species,Brionne,Brionne,pokeapi:pokemon_species_names.csv
species,Bronzong,Bronzong,pokeapi:pokemon_species_names.csv
species,Bronzor,Bronzor,pokeapi:pokemon_species_names.csv
species,Brute Bonnet,Fungofurioso,pokeapi:pokemon_species_names.csv
species,Bruxish,Bruxish,pokeapi:pokemon_species_names.csv
species,Budew,Budew,pokeapi:pokemon_species_names.csv
species,Buizel,Buizel,pokeapi:pokemon_species_names.csv
species,Bulbasaur,Bulbasaur,pokeapi:pokemon_species_names.csv
species,Buneary,Buneary,pokeapi:pokemon_species_names.csv
species,Bunnelby,Bunnelby,pokeapi:pokemon_species_names.csv
species,Burmy,Burmy,pokeapi:pokemon_species_names.csv
species,Butterfree,Butterfree,pokeapi:pokemon_species_names.csv
species,Buzzwole,Buzzwole,pokeapi:pokemon_species_names.csv
species,Cacnea,Cacnea,pokeapi:pokemon_species_names.csv
species,Cacturne,Cacturne,pokeapi:pokemon_species_names.csv
species,Calyrex,Calyrex,pokeapi:pokemon_species_names.csv
species,Camerupt,Camerupt,pokeapi:pokemon_species_names.csv
species,Capsakid,Capsakid,pokeapi:pokemon_species_names.csv
species,Carbink,Carbink,pokeapi:pokemon_species_names.csv
species,Carkol,Carkol,pokeapi:pokemon_species_names.csv
species,Carnivine,Carnivine,pokeapi:pokemon_species_names.csv
species,Carracosta,Carracosta,pokeapi:pokemon_species_names.csv
species,Carvanha,Carvanha,pokeapi:pokemon_species_names.csv
species,Cascoon,Cascoon,pokeapi:pokemon_species_names.csv
species,Castform,Castform,pokeapi:pokemon_species_names.csv
species,Caterpie,Caterpie,pokeapi:pokemon_species_names.csv
species,Celebi,Celebi,pokeapi:pokemon_species_names.csv
species,Celesteela,Celesteela,pokeapi:pokemon_species_names.csv
species,Centiskorch,Centiskorch,pokeapi:pokemon_species_names.csv
species,Ceruledge,Ceruledge,pokeapi:pokemon_species_names.csv
species,Cetitan,Cetitan,pokeapi:pokemon_species_names.csv
species,Cetoddle,Cetoddle,pokeapi:pokemon_species_names.csv
species,Chandelure,Chandelure,pokeapi:pokemon_species_names.csv
species,Chansey,Chansey,pokeapi:pokemon_species_names.csv
species,Charcadet,Charcadet,pokeapi:pokemon_species_names.csv
species,Charizard,Charizard,pokeapi:pokemon_species_names.csv
species,Charjabug,Charjabug,pokeapi:pokemon_species_names.csv
species,Charmander,Charmander,pokeapi:pokemon_species_names.csv
species,Charmeleon,Charmeleon,pokeapi:pokemon_species_names.csv
species,Chatot,Chatot,pokeapi:pokemon_species_names.csv
species,Cherrim,Cherrim,pokeapi:pokemon_species_names.csv
species,Cherubi,Cherubi,pokeapi:pokemon_species_names.csv
species,Chesnaught,Chesnaught,pokeapi:pokemon_species_names.csv
species,Chespin,Chespin,pokeapi:pokemon_species_names.csv
species,Chewtle,Chewtle,pokeapi:pokemon_species_names.csv
species,Chi-Yu,Chi-Yu,pokeapi:pokemon_species_names.csv
species,Chien-Pao,Chien-Pao,pokeapi:pokemon_species_names.csv
species,Chikorita,Chikorita,pokeapi:pokemon_species_names.csv
species,Chimchar,Chimchar,pokeapi:pokemon_species_names.csv
species,Chimecho,Chimecho,pokeapi:pokemon_species_names.csv
species,Chinchou,Chinchou,pokeapi:pokemon_species_names.csv
species,Chingling,Chingling,pokeapi:pokemon_species_names.csv
species,Cinccino,Cinccino,pokeapi:pokemon_species_names.csv
species,Cinderace,Cinderace,pokeapi:pokemon_species_names.csv
species,Clamperl,Clamperl,pokeapi:pokemon_species_names.csv
species,Clauncher,Clauncher,pokeapi:pokemon_species_names.csv
species,Clawitzer,Clawitzer,pokeapi:pokemon_species_names.csv
species,Claydol,Claydol,pokeapi:pokemon_species_names.csv
species,Clefable,Clefable,pokeapi:pokemon_species_names.csv
species,Clefairy,Clefairy,pokeapi:pokemon_species_names.csv
species,Cleffa,Cleffa,pokeapi:pokemon_species_names.csv
species,Clobbopus,Clobbopus,pokeapi:pokemon_species_names.csv
species,Clodsire,Clodsire,pokeapi:pokemon_species_names.csv
species,Cloyster,Cloyster,pokeapi:pokemon_species_names.csv
species,Coalossal,Coalossal,pokeapi:pokemon_species_names.csv
species,Cobalion,Cobalion,pokeapi:pokemon_species_names.csv
species,Cofagrigus,Cofagrigus,pokeapi:pokemon_species_names.csv
species,Combee,Combee,pokeapi:pokemon_species_names.csv
species,Combusken,Combusken,pokeapi:pokemon_species_names.csv
species,Comfey,Comfey,pokeapi:pokemon_species_names.csv
species,Conkeldurr,Conkeldurr,pokeapi:pokemon_species_names.csv
species,Copperajah,Copperajah,pokeapi:pokemon_species_names.csv
species,Corphish,Corphish,pokeapi:pokemon_species_names.csv
species,Corsola,Corsola,pokeapi:pokemon_species_names.csv
species,Corviknight,Corviknight,pokeapi:pokemon_species_names.csv
species,Corvisquire,Corvisquire,pokeapi:pokemon_species_names.csv
species,Cosmoem,Cosmoem,pokeapi:pokemon_species_names.csv
species,Cosmog,Cosmog,pokeapi:pokemon_species_names.csv
species,Cottonee,Cottonee,pokeapi:pokemon_species_names.csv
species,Crabominable,Crabominable,pokeapi:pokemon_species_names.csv
species,Crabrawler,Crabrawler,pokeapi:pokemon_species_names.csv
species,Cradily,Cradily,pokeapi:pokemon_species_names.csv
species,Cramorant,Cramorant,pokeapi:pokemon_species_names.csv
species,Cranidos,Cranidos,pokeapi:pokemon_species_names.csv
species,Crawdaunt,Crawdaunt,pokeapi:pokemon_species_names.csv
species,Cresselia,Cresselia,pokeapi:pokemon_species_names.csv
species,Croagunk,Croagunk,pokeapi:pokemon_species_names.csv
species,Crobat,Crobat,pokeapi:pokemon_species_names.csv
species,Crocalor,Crocalor,pokeapi:pokemon_species_names.csv
species,Croconaw,Croconaw,pokeapi:pokemon_species_names.csv
species,Crustle,Crustle,pokeapi:pokemon_species_names.csv
species,Cryogonal,Cryogonal,pokeapi:pokemon_species_names.csv
species,Cubchoo,Cubchoo,pokeapi:pokemon_species_names.csv
species,Cubone,Cubone,pokeapi:pokemon_species_names.csv
species,Cufant,Cufant,pokeapi:pokemon_species_names.csv
species,Cursola,Cursola,pokeapi:pokemon_species_names.csv
species,Cutiefly,Cutiefly,pokeapi:pokemon_species_names.csv
species,Cyclizar,Cyclizar,pokeapi:pokemon_species_names.csv
species,Cyndaquil,Cyndaquil,pokeapi:pokemon_species_names.csv
species,Dachsbun,Dachsbun,pokeapi:pokemon_species_names.csv
species,Darkrai,Darkrai,pokeapi:pokemon_species_names.csv
species,Darmanitan,Darmanitan,pokeapi:pokemon_species_names.csv
species,Dartrix,Dartrix,pokeapi:pokemon_species_names.csv
species,Darumaka,Darumaka,pokeapi:pokemon_species_names.csv
species,Decidueye,Decidueye,pokeapi:pokemon_species_names.csv
species,Dedenne,Dedenne,pokeapi:pokemon_species_names.csv
species,Deerling,Deerling,pokeapi:pokemon_species_names.csv
species,Deino,Deino,pokeapi:pokemon_species_names.csv
species,Delcatty,Delcatty,pokeapi:pokemon_species_names.csv
species,Delibird,Delibird,pokeapi:pokemon_species_names.csv
species,Delphox,Delphox,pokeapi:pokemon_species_names.csv
species,Deoxys,Deoxys,pokeapi:pokemon_species_names.csv
species,Dewgong,Dewgong,pokeapi:pokemon_species_names.csv
species,Dewott,Dewott,pokeapi:pokemon_species_names.csv
species,Dewpider,Dewpider,pokeapi:pokemon_species_names.csv
species,Dhelmise,Dhelmise,pokeapi:pokemon_species_names.csv
species,Dialga,Dialga,pokeapi:pokemon_species_names.csv
species,Diancie,Diancie,pokeapi:pokemon_species_names.csv
species,Diggersby,Diggersby,pokeapi:pokemon_species_names.csv
species,Diglett,Diglett,pokeapi:pokemon_species_names.csv
species,Dipplin,Dipplin,pokeapi:pokemon_species_names.csv
species,Ditto,Ditto,pokeapi:pokemon_species_names.csv
species,Dodrio,Dodrio,pokeapi:pokemon_species_names.csv
species,Doduo,Doduo,pokeapi:pokemon_species_names.csv
species,Dolliv,Dolliv,pokeapi:pokemon_species_names.csv
species,Dondozo,Dondozo,pokeapi:pokemon_species_names.csv
species,Donphan,Donphan,pokeapi:pokemon_species_names.csv
species,Dottler,Dottler,pokeapi:pokemon_species_names.csv
species,Doublade,Doublade,pokeapi:pokemon_species_names.csv
species,Dracovish,Dracovish,pokeapi:pokemon_species_names.csv
species,Dracozolt,Dracozolt,pokeapi:pokemon_species_names.csv
species,Dragalge,Dragalge,pokeapi:pokemon_species_names.csv
species,Dragapult,Dragapult,pokeapi:pokemon_species_names.csv
species,Dragonair,Dragonair,pokeapi:pokemon_species_names.csv
species,Dragonite,Dragonite,pokeapi:pokemon_species_names.csv
species,Drakloak,Drakloak,pokeapi:pokemon_species_names.csv
species,Drampa,Drampa,pokeapi:pokemon_species_names.csv
species,Drapion,Drapion,pokeapi:pokemon_species_names.csv
species,Dratini,Dratini,pokeapi:pokemon_species_names.csv
species,Drednaw,Drednaw,pokeapi:pokemon_species_names.csv
species,Dreepy,Dreepy,pokeapi:pokemon_species_names.csv
species,Drifblim,Drifblim,pokeapi:pokemon_species_names.csv
species,Drifloon,Drifloon,pokeapi:pokemon_species_names.csv
species,Drilbur,Drilbur,pokeapi:pokemon_species_names.csv
species,Drizzile,Drizzile,pokeapi:pokemon_species_names.csv
species,Drowzee,Drowzee,pokeapi:pokemon_species_names.csv
species,Druddigon,Druddigon,pokeapi:pokemon_species_names.csv
species,Dubwool,Dubwool,pokeapi:pokemon_species_names.csv
species,Ducklett,Ducklett,pokeapi:pokemon_species_names.csv
species,Dudunsparce,Dudunsparce,pokeapi:pokemon_species_names.csv
species,Dugtrio,Dugtrio,pokeapi:pokemon_species_names.csv
species,Dunsparce,Dunsparce,pokeapi:pokemon_species_names.csv
species,Duosion,Duosion,pokeapi:pokemon_species_names.csv
species,Duraludon,Duraludon,pokeapi:pokemon_species_names.csv
species,Durant,Durant,pokeapi:pokemon_species_names.csv
species,Dusclops,Dusclops,pokeapi:pokemon_species_names.csv
species,Dusknoir,Dusknoir,pokeapi:pokemon_species_names.csv
species,Duskull,Duskull,pokeapi:pokemon_species_names.csv
species,Dustox,Dustox,pokeapi:pokemon_species_names.csv
species,Dwebble,Dwebble,pokeapi:pokemon_species_names.csv
species,Eelektrik,Eelektrik,pokeapi:pokemon_species_names.csv
species,Eelektross,Eelektross,pokeapi:pokemon_species_names.csv
species,Eevee,Eevee,pokeapi:pokemon_species_names.csv
species,Eiscue,Eiscue,pokeapi:pokemon_species_names.csv
species,Ekans,Ekans,pokeapi:pokemon_species_names.csv
species,Eldegoss,Eldegoss,pokeapi:pokemon_species_names.csv
species,Electabuzz,Electabuzz,pokeapi:pokemon_species_names.csv
species,Electivire,Electivire,pokeapi:pokemon_species_names.csv
species,Electrike,Electrike,pokeapi:pokemon_species_names.csv
species,Electrode,Electrode,pokeapi:pokemon_species_names.csv
species,Elekid,Elekid,pokeapi:pokemon_species_names.csv
species,Elgyem,Elgyem,pokeapi:pokemon_species_names.csv
species,Emboar,Emboar,pokeapi:pokemon_species_names.csv
species,Emolga,Emolga,pokeapi:pokemon_species_names.csv
species,Empoleon,Empoleon,pokeapi:pokemon_species_names.csv
species,Enamorus,Enamorus,pokeapi:pokemon_species_names.csv
species,Entei,Entei,pokeapi:pokemon_species_names.csv
species,Escavalier,Escavalier,pokeapi:pokemon_species_names.csv
species,Espathra,Espathra,pokeapi:pokemon_species_names.csv
species,Espeon,Espeon,pokeapi:pokemon_species_names.csv
species,Espurr,Espurr,pokeapi:pokemon_species_names.csv
species,Eternatus,Eternatus,pokeapi:pokemon_species_names.csv
species,Excadrill,Excadrill,pokeapi:pokemon_species_names.csv
species,Exeggcute,Exeggcute,pokeapi:pokemon_species_names.csv
species,Exeggutor,Exeggutor,pokeapi:pokemon_species_names.csv
species,Exploud,Exploud,pokeapi:pokemon_species_names.csv
species,Falinks,Falinks,pokeapi:pokemon_species_names.csv
species,Farfetch’d,Farfetch’d,pokeapi:pokemon_species_names.csv
species,Farigiraf,Farigiraf,pokeapi:pokemon_species_names.csv
species,Fearow,Fearow,pokeapi:pokemon_species_names.csv
species,Feebas,Feebas,pokeapi:pokemon_species_names.csv
species,Fennekin,Fennekin,pokeapi:pokemon_species_names.csv
species,Feraligatr,Feraligatr,pokeapi:pokemon_species_names.csv
species,Ferroseed,Ferroseed,pokeapi:pokemon_species_names.csv
species,Ferrothorn,Ferrothorn,pokeapi:pokemon_species_names.csv
species,Fezandipiti,Fezandipiti,pokeapi:pokemon_species_names.csv
species,Fidough,Fidough,pokeapi:pokemon_species_names.csv
species,Finizen,Finizen,pokeapi:pokemon_species_names.csv
species,Finneon,Finneon,pokeapi:pokemon_species_names.csv
species,Flaaffy,Flaaffy,pokeapi:pokemon_species_names.csv
species,Flabébé,Flabébé,pokeapi:pokemon_species_names.csv
species,Flamigo,Flamigo,pokeapi:pokemon_species_names.csv
species,Flapple,Flapple,pokeapi:pokemon_species_names.csv
species,Flareon,Flareon,pokeapi:pokemon_species_names.csv
species,Fletchinder,Fletchinder,pokeapi:pokemon_species_names.csv
species,Fletchling,Fletchling,pokeapi:pokemon_species_names.csv
species,Flittle,Flittle,pokeapi:pokemon_species_names.csv
species,Floatzel,Floatzel,pokeapi:pokemon_species_names.csv
species,Floette,Floette,pokeapi:pokemon_species_names.csv
species,Floragato,Floragato,pokeapi:pokemon_species_names.csv
species,Florges,Florges,pokeapi:pokemon_species_names.csv
species,Flutter Mane,Crinealato,pokeapi:pokemon_species_names.csv
species,Flygon,Flygon,pokeapi:pokemon_species_names.csv
species,Fomantis,Fomantis,pokeapi:pokemon_species_names.csv
species,Foongus,Foongus,pokeapi:pokemon_species_names.csv
species,Forretress,Forretress,pokeapi:pokemon_species_names.csv
species,Fraxure,Fraxure,pokeapi:pokemon_species_names.csv
species,Frigibax,Frigibax,pokeapi:pokemon_species_names.csv
species,Frillish,Frillish,pokeapi:pokemon_species_names.csv
species,Froakie,Froakie,pokeapi:pokemon_species_names.csv
species,Frogadier,Frogadier,pokeapi:pokemon_species_names.csv
species,Froslass,Froslass,pokeapi:pokemon_species_names.csv
species,Frosmoth,Frosmoth,pokeapi:pokemon_species_names.csv
species,Fuecoco,Fuecoco,pokeapi:pokemon_species_names.csv
species,Furfrou,Furfrou,pokeapi:pokemon_species_names.csv
species,Furret,Furret,pokeapi:pokemon_species_names.csv
species,Gabite,Gabite,pokeapi:pokemon_species_names.csv
species,Gallade,Gallade,pokeapi:pokemon_species_names.csv
species,Galvantula,Galvantula,pokeapi:pokemon_species_names.csv
species,Garbodor,Garbodor,pokeapi:pokemon_species_names.csv
species,Garchomp,Garchomp,pokeapi:pokemon_species_names.csv
species,Gardevoir,Gardevoir,pokeapi:pokemon_species_names.csv
species,Garganacl,Garganacl,pokeapi:pokemon_species_names.csv
species,Gastly,Gastly,pokeapi:pokemon_species_names.csv
species,Gastrodon,Gastrodon,pokeapi:pokemon_species_names.csv
species,Genesect,Genesect,pokeapi:pokemon_species_names.csv
species,Gengar,Gengar,pokeapi:pokemon_species_names.csv
species,Geodude,Geodude,pokeapi:pokemon_species_names.csv
species,Gholdengo,Gholdengo,pokeapi:pokemon_species_names.csv
species,Gible,Gible,pokeapi:pokemon_species_names.csv
species,Gigalith,Gigalith,pokeapi:pokemon_species_names.csv
species,Gimmighoul,Gimmighoul,pokeapi:pokemon_species_names.csv
species,Girafarig,Girafarig,pokeapi:pokemon_species_names.csv
species,Giratina,Giratina,pokeapi:pokemon_species_names.csv
species,Glaceon,Glaceon,pokeapi:pokemon_species_names.csv
species,Glalie,Glalie,pokeapi:pokemon_species_names.csv
species,Glameow,Glameow,pokeapi:pokemon_species_names.csv
species,Glastrier,Glastrier,pokeapi:pokemon_species_names.csv
species,Gligar,Gligar,pokeapi:pokemon_species_names.csv
species,Glimmet,Glimmet,pokeapi:pokemon_species_names.csv
species,Glimmora,Glimmora,pokeapi:pokemon_species_names.csv
species,Gliscor,Gliscor,pokeapi:pokemon_species_names.csv
species,Gloom,Gloom,pokeapi:pokemon_species_names.csv
species,Gogoat,Gogoat,pokeapi:pokemon_species_names.csv
species,Golbat,Golbat,pokeapi:pokemon_species_names.csv
species,Goldeen,Goldeen,pokeapi:pokemon_species_names.csv
species,Golduck,Golduck,pokeapi:pokemon_species_names.csv
species,Golem,Golem,pokeapi:pokemon_species_names.csv
species,Golett,Golett,pokeapi:pokemon_species_names.csv
species,Golisopod,Golisopod,pokeapi:pokemon_species_names.csv
species,Golurk,Golurk,pokeapi:pokemon_species_names.csv
species,Goodra,Goodra,pokeapi:pokemon_species_names.csv
species,Goomy,Goomy,pokeapi:pokemon_species_names.csv
species,Gorebyss,Gorebyss,pokeapi:pokemon_species_names.csv
species,Gossifleur,Gossifleur,pokeapi:pokemon_species_names.csv
species,Gothita,Gothita,pokeapi:pokemon_species_names.csv
species,Gothitelle,Gothitelle,pokeapi:pokemon_species_names.csv
species,Gothorita,Gothorita,pokeapi:pokemon_species_names.csv
species,Gouging Fire,Vampeaguzze,pokeapi:pokemon_species_names.csv
species,Gourgeist,Gourgeist,pokeapi:pokemon_species_names.csv
species,Grafaiai,Grafaiai,pokeapi:pokemon_species_names.csv
species,Granbull,Granbull,pokeapi:pokemon_species_names.csv
species,Grapploct,Grapploct,pokeapi:pokemon_species_names.csv
species,Graveler,Graveler,pokeapi:pokemon_species_names.csv
species,Great Tusk,Grandizanne,pokeapi:pokemon_species_names.csv
species,Greavard,Greavard,pokeapi:pokemon_species_names.csv
species,Greedent,Greedent,pokeapi:pokemon_species_names.csv
species,Greninja,Greninja,pokeapi:pokemon_species_names.csv
species,Grimer,Grimer,pokeapi:pokemon_species_names.csv
species,Grimmsnarl,Grimmsnarl,pokeapi:pokemon_species_names.csv
species,Grookey,Grookey,pokeapi:pokemon_species_names.csv
species,Grotle,Grotle,pokeapi:pokemon_species_names.csv
species,Groudon,Groudon,pokeapi:pokemon_species_names.csv
species,Grovyle,Grovyle,pokeapi:pokemon_species_names.csv
species,Growlithe,Growlithe,pokeapi:pokemon_species_names.csv
species,Grubbin,Grubbin,pokeapi:pokemon_species_names.csv
species,Grumpig,Grumpig,pokeapi:pokemon_species_names.csv
species,Gulpin,Gulpin,pokeapi:pokemon_species_names.csv
species,Gumshoos,Gumshoos,pokeapi:pokemon_species_names.csv
species,Gurdurr,Gurdurr,pokeapi:pokemon_species_names.csv
species,Guzzlord,Guzzlord,pokeapi:pokemon_species_names.csv
species,Gyarados,Gyarados,pokeapi:pokemon_species_names.csv
species,Hakamo-o,Hakamo-o,pokeapi:pokemon_species_names.csv
species,Happiny,Happiny,pokeapi:pokemon_species_names.csv
species,Hariyama,Hariyama,pokeapi:pokemon_species_names.csv
species,Hatenna,Hatenna,pokeapi:pokemon_species_names.csv
species,Hatterene,Hatterene,pokeapi:pokemon_species_names.csv
species,Hattrem,Hattrem,pokeapi:pokemon_species_names.csv
species,Haunter,Haunter,pokeapi:pokemon_species_names.csv
species,Hawlucha,Hawlucha,pokeapi:pokemon_species_names.csv
species,Haxorus,Haxorus,pokeapi:pokemon_species_names.csv
species,Heatmor,Heatmor,pokeapi:pokemon_species_names.csv
species,Heatran,Heatran,pokeapi:pokemon_species_names.csv
species,Heliolisk,Heliolisk,pokeapi:pokemon_species_names.csv
species,Helioptile,Helioptile,pokeapi:pokemon_species_names.csv
species,Heracross,Heracross,pokeapi:pokemon_species_names.csv
species,Herdier,Herdier,pokeapi:pokemon_species_names.csv
species,Hippopotas,Hippopotas,pokeapi:pokemon_species_names.csv
species,Hippowdon,Hippowdon,pokeapi:pokemon_species_names.csv
species,Hitmonchan,Hitmonchan,pokeapi:pokemon_species_names.csv
species,Hitmonlee,Hitmonlee,pokeapi:pokemon_species_names.csv
species,Hitmontop,Hitmontop,pokeapi:pokemon_species_names.csv
species,Ho-Oh,Ho-Oh,pokeapi:pokemon_species_names.csv
species,Honchkrow,Honchkrow,pokeapi:pokemon_species_names.csv
species,Honedge,Honedge,pokeapi:pokemon_species_names.csv
species,Hoopa,Hoopa,pokeapi:pokemon_species_names.csv
species,Hoothoot,Hoothoot,pokeapi:pokemon_species_names.csv
species,Hoppip,Hoppip,pokeapi:pokemon_species_names.csv
species,Horsea,Horsea,pokeapi:pokemon_species_names.csv
species,Houndoom,Houndoom,pokeapi:pokemon_species_names.csv
species,Houndour,Houndour,pokeapi:pokemon_species_names.csv
species,Houndstone,Houndstone,pokeapi:pokemon_species_names.csv
species,Huntail,Huntail,pokeapi:pokemon_species_names.csv
species,Hydrapple,Hydrapple,pokeapi:pokemon_species_names.csv
species,Hydreigon,Hydreigon,pokeapi:pokemon_species_names.csv
species,Hypno,Hypno,pokeapi:pokemon_species_names.csv
species,Igglybuff,Igglybuff,pokeapi:pokemon_species_names.csv
species,Illumise,Illumise,pokeapi:pokemon_species_names.csv
species,Impidimp,Impidimp,pokeapi:pokemon_species_names.csv
species,Incineroar,Incineroar,pokeapi:pokemon_species_names.csv
species,Indeedee,Indeedee,pokeapi:pokemon_species_names.csv
species,Infernape,Infernape,pokeapi:pokemon_species_names.csv
species,Inkay,Inkay,pokeapi:pokemon_species_names.csv
species,Inteleon,Inteleon,pokeapi:pokemon_species_names.csv
species,Iron Boulder,Massoferreo,pokeapi:pokemon_species_names.csv
species,Iron Bundle,Saccoferreo,pokeapi:pokemon_species_names.csv
species,Iron Crown,Capoferreo,pokeapi:pokemon_species_names.csv
species,Iron Hands,Manoferrea,pokeapi:pokemon_species_names.csv
species,Iron Jugulis,Colloferreo,pokeapi:pokemon_species_names.csv
species,Iron Leaves,Fogliaferrea,pokeapi:pokemon_species_names.csv
species,Iron Moth,Falenaferrea,pokeapi:pokemon_species_names.csv
species,Iron Thorns,Spineferree,pokeapi:pokemon_species_names.csv
species,Iron Treads,Solcoferreo,pokeapi:pokemon_species_names.csv
species,Iron Valiant,Eroeferreo,pokeapi:pokemon_species_names.csv
species,Ivysaur,Ivysaur,pokeapi:pokemon_species_names.csv
species,Jangmo-o,Jangmo-o,pokeapi:pokemon_species_names.csv
species,Jellicent,Jellicent,pokeapi:pokemon_species_names.csv
species,Jigglypuff,Jigglypuff,pokeapi:pokemon_species_names.csv
species,Jirachi,Jirachi,pokeapi:pokemon_species_names.csv
species,Jolteon,Jolteon,pokeapi:pokemon_species_names.csv
species,Joltik,Joltik,pokeapi:pokemon_species_names.csv
species,Jumpluff,Jumpluff,pokeapi:pokemon_species_names.csv
species,Jynx,Jynx,pokeapi:pokemon_species_names.csv
species,Kabuto,Kabuto,pokeapi:pokemon_species_names.csv
species,Kabutops,Kabutops,pokeapi:pokemon_species_names.csv
species,Kadabra,Kadabra,pokeapi:pokemon_species_names.csv
species,Kakuna,Kakuna,pokeapi:pokemon_species_names.csv
species,Kangaskhan,Kangaskhan,pokeapi:pokemon_species_names.csv
species,Karrablast,Karrablast,pokeapi:pokemon_species_names.csv
species,Kartana,Kartana,pokeapi:pokemon_species_names.csv
species,Kecleon,Kecleon,pokeapi:pokemon_species_names.csv
species,Keldeo,Keldeo,pokeapi:pokemon_species_names.csv
species,Kilowattrel,Kilowattrel,pokeapi:pokemon_species_names.csv
species,Kingambit,Kingambit,pokeapi:pokemon_species_names.csv
species,Kingdra,Kingdra,pokeapi:pokemon_species_names.csv
species,Kingler,Kingler,pokeapi:pokemon_species_names.csv
species,Kirlia,Kirlia,pokeapi:pokemon_species_names.csv
species,Klang,Klang,pokeapi:pokemon_species_names.csv
species,Klawf,Klawf,pokeapi:pokemon_species_names.csv
species,Kleavor,Kleavor,pokeapi:pokemon_species_names.csv
species,Klefki,Klefki,pokeapi:pokemon_species_names.csv
species,Klink,Klink,pokeapi:pokemon_species_names.csv
species,Klinklang,Klinklang,pokeapi:pokemon_species_names.csv
species,Koffing,Koffing,pokeapi:pokemon_species_names.csv
species,Komala,Komala,pokeapi:pokemon_species_names.csv
species,Kommo-o,Kommo-o,pokeapi:pokemon_species_names.csv
species,Koraidon,Koraidon,pokeapi:pokemon_species_names.csv
species,Krabby,Krabby,pokeapi:pokemon_species_names.csv
species,Kricketot,Kricketot,pokeapi:pokemon_species_names.csv
species,Kricketune,Kricketune,pokeapi:pokemon_species_names.csv
species,Krokorok,Krokorok,pokeapi:pokemon_species_names.csv
species,Krookodile,Krookodile,pokeapi:pokemon_species_names.csv
species,Kubfu,Kubfu,pokeapi:pokemon_species_names.csv
species,Kyogre,Kyogre,pokeapi:pokemon_species_names.csv
species,Kyurem,Kyurem,pokeapi:pokemon_species_names.csv
species,Lairon,Lairon,pokeapi:pokemon_species_names.csv
species,Lampent,Lampent,pokeapi:pokemon_species_names.csv
species,Landorus,Landorus,pokeapi:pokemon_species_names.csv
species,Lanturn,Lanturn,pokeapi:pokemon_species_names.csv
species,Lapras,Lapras,pokeapi:pokemon_species_names.csv
species,Larvesta,Larvesta,pokeapi:pokemon_species_names.csv
species,Larvitar,Larvitar,pokeapi:pokemon_species_names.csv
species,Latias,Latias,pokeapi:pokemon_species_names.csv
species,Latios,Latios,pokeapi:pokemon_species_names.csv
species,Leafeon,Leafeon,pokeapi:pokemon_species_names.csv
species,Leavanny,Leavanny,pokeapi:pokemon_species_names.csv
species,Lechonk,Lechonk,pokeapi:pokemon_species_names.csv
species,Ledian,Ledian,pokeapi:pokemon_species_names.csv
species,Ledyba,Ledyba,pokeapi:pokemon_species_names.csv
species,Lickilicky,Lickilicky,pokeapi:pokemon_species_names.csv
species,Lickitung,Lickitung,pokeapi:pokemon_species_names.csv
species,Liepard,Liepard,pokeapi:pokemon_species_names.csv
species,Lileep,Lileep,pokeapi:pokemon_species_names.csv
species,Lilligant,Lilligant,pokeapi:pokemon_species_names.csv
species,Lillipup,Lillipup,pokeapi:pokemon_species_names.csv
species,Linoone,Linoone,pokeapi:pokemon_species_names.csv
species,Litleo,Litleo,pokeapi:pokemon_species_names.csv
species,Litten,Litten,pokeapi:pokemon_species_names.csv
species,Litwick,Litwick,pokeapi:pokemon_species_names.csv
species,Lokix,Lokix,pokeapi:pokemon_species_names.csv
species,Lombre,Lombre,pokeapi:pokemon_species_names.csv
species,Lopunny,Lopunny,pokeapi:pokemon_species_names.csv
species,Lotad,Lotad,pokeapi:pokemon_species_names.csv
species,Loudred,Loudred,pokeapi:pokemon_species_names.csv
species,Lucario,Lucario,pokeapi:pokemon_species_names.csv
species,Ludicolo,Ludicolo,pokeapi:pokemon_species_names.csv
species,Lugia,Lugia,pokeapi:pokemon_species_names.csv
species,Lumineon,Lumineon,pokeapi:pokemon_species_names.csv
species,Lunala,Lunala,pokeapi:pokemon_species_names.csv
species,Lunatone,Lunatone,pokeapi:pokemon_species_names.csv
species,Lurantis,Lurantis,pokeapi:pokemon_species_names.csv
species,Luvdisc,Luvdisc,pokeapi:pokemon_species_names.csv
species,Luxio,Luxio,pokeapi:pokemon_species_names.csv
species,Luxray,Luxray,pokeapi:pokemon_species_names.csv
species,Lycanroc,Lycanroc,pokeapi:pokemon_species_names.csv
species,Mabosstiff,Mabosstiff,pokeapi:pokemon_species_names.csv
species,Machamp,Machamp,pokeapi:pokemon_species_names.csv
species,Machoke,Machoke,pokeapi:pokemon_species_names.csv
species,Machop,Machop,pokeapi:pokemon_species_names.csv
species,Magby,Magby,pokeapi:pokemon_species_names.csv
species,Magcargo,Magcargo,pokeapi:pokemon_species_names.csv
species,Magearna,Magearna,pokeapi:pokemon_species_names.csv
species,Magikarp,Magikarp,pokeapi:pokemon_species_names.csv
species,Magmar,Magmar,pokeapi:pokemon_species_names.csv
species,Magmortar,Magmortar,pokeapi:pokemon_species_names.csv
species,Magnemite,Magnemite,pokeapi:pokemon_species_names.csv
species,Magneton,Magneton,pokeapi:pokemon_species_names.csv
species,Magnezone,Magnezone,pokeapi:pokemon_species_names.csv
species,Makuhita,Makuhita,pokeapi:pokemon_species_names.csv
species,Malamar,Malamar,pokeapi:pokemon_species_names.csv
species,Mamoswine,Mamoswine,pokeapi:pokemon_species_names.csv
species,Manaphy,Manaphy,pokeapi:pokemon_species_names.csv
species,Mandibuzz,Mandibuzz,pokeapi:pokemon_species_names.csv
species,Manectric,Manectric,pokeapi:pokemon_species_names.csv
species,Mankey,Mankey,pokeapi:pokemon_species_names.csv
species,Mantine,Mantine,pokeapi:pokemon_species_names.csv
species,Mantyke,Mantyke,pokeapi:pokemon_species_names.csv
species,Maractus,Maractus,pokeapi:pokemon_species_names.csv
species,Mareanie,Mareanie,pokeapi:pokemon_species_names.csv
species,Mareep,Mareep,pokeapi:pokemon_species_names.csv
species,Marill,Marill,pokeapi:pokemon_species_names.csv
species,Marowak,Marowak,pokeapi:pokemon_species_names.csv
species,Marshadow,Marshadow,pokeapi:pokemon_species_names.csv
species,Marshtomp,Marshtomp,pokeapi:pokemon_species_names.csv
species,Maschiff,Maschiff,pokeapi:pokemon_species_names.csv
species,Masquerain,Masquerain,pokeapi:pokemon_species_names.csv
species,Maushold,Maushold,pokeapi:pokemon_species_names.csv
species,Mawile,Mawile,pokeapi:pokemon_species_names.csv
species,Medicham,Medicham,pokeapi:pokemon_species_names.csv
species,Meditite,Meditite,pokeapi:pokemon_species_names.csv
species,Meganium,Meganium,pokeapi:pokemon_species_names.csv
species,Melmetal,Melmetal,pokeapi:pokemon_species_names.csv
species,Meloetta,Meloetta,pokeapi:pokemon_species_names.csv
species,Meltan,Meltan,pokeapi:pokemon_species_names.csv
species,Meowscarada,Meowscarada,pokeapi:pokemon_species_names.csv
species,Meowstic,Meowstic,pokeapi:pokemon_species_names.csv
species,Meowth,Meowth,pokeapi:pokemon_species_names.csv
species,Mesprit,Mesprit,pokeapi:pokemon_species_names.csv
species,Metagross,Metagross,pokeapi:pokemon_species_names.csv
species,Metang,Metang,pokeapi:pokemon_species_names.csv
species,Metapod,Metapod,pokeapi:pokemon_species_names.csv
species,Mew,Mew,pokeapi:pokemon_species_names.csv
species,Mewtwo,Mewtwo,pokeapi:pokemon_species_names.csv
species,Mienfoo,Mienfoo,pokeapi:pokemon_species_names.csv
species,Mienshao,Mienshao,pokeapi:pokemon_species_names.csv
species,Mightyena,Mightyena,pokeapi:pokemon_species_names.csv
species,Milcery,Milcery,pokeapi:pokemon_species_names.csv
species,Milotic,Milotic,pokeapi:pokemon_species_names.csv
species,Miltank,Miltank,pokeapi:pokemon_species_names.csv
species,Mime Jr.,Mime Jr.,pokeapi:pokemon_species_names.csv
species,Mimikyu,Mimikyu,pokeapi:pokemon_species_names.csv
species,Minccino,Minccino,pokeapi:pokemon_species_names.csv
species,Minior,Minior,pokeapi:pokemon_species_names.csv
species,Minun,Minun,pokeapi:pokemon_species_names.csv
species,Miraidon,Miraidon,pokeapi:pokemon_species_names.csv
species,Misdreavus,Misdreavus,pokeapi:pokemon_species_names.csv
species,Mismagius,Mismagius,pokeapi:pokemon_species_names.csv
species,Moltres,Moltres,pokeapi:pokemon_species_names.csv
species,Monferno,Monferno,pokeapi:pokemon_species_names.csv
species,Morelull,Morelull,pokeapi:pokemon_species_names.csv
species,Morgrem,Morgrem,pokeapi:pokemon_species_names.csv
species,Morpeko,Morpeko,pokeapi:pokemon_species_names.csv
species,Mothim,Mothim,pokeapi:pokemon_species_names.csv
species,Mr. Mime,Mr. Mime,pokeapi:pokemon_species_names.csv
species,Mr. Rime,Mr. Rime,pokeapi:pokemon_species_names.csv
species,Mudbray,Mudbray,pokeapi:pokemon_species_names.csv
species,Mudkip,Mudkip,pokeapi:pokemon_species_names.csv
species,Mudsdale,Mudsdale,pokeapi:pokemon_species_names.csv
species,Muk,Muk,pokeapi:pokemon_species_names.csv
species,Munchlax,Munchlax,pokeapi:pokemon_species_names.csv
species,Munkidori,Munkidori,pokeapi:pokemon_species_names.csv
species,Munna,Munna,pokeapi:pokemon_species_names.csv
species,Murkrow,Murkrow,pokeapi:pokemon_species_names.csv
species,Musharna,Musharna,pokeapi:pokemon_species_names.csv
species,Nacli,Nacli,pokeapi:pokemon_species_names.csv
species,Naclstack,Naclstack,pokeapi:pokemon_species_names.csv
species,Naganadel,Naganadel,pokeapi:pokemon_species_names.csv
species,Natu,Natu,pokeapi:pokemon_species_names.csv
species,Necrozma,Necrozma,pokeapi:pokemon_species_names.csv
species,Nickit,Nickit,pokeapi:pokemon_species_names.csv
species,Nidoking,Nidoking,pokeapi:pokemon_species_names.csv
species,Nidoqueen,Nidoqueen,pokeapi:pokemon_species_names.csv
species,Nidoran♀,Nidoran♀,pokeapi:pokemon_species_names.csv
species,Nidoran♂,Nidoran♂,pokeapi:pokemon_species_names.csv
species,Nidorina,Nidorina,pokeapi:pokemon_species_names.csv
species,Nidorino,Nidorino,pokeapi:pokemon_species_names.csv
species,Nihilego,Nihilego,pokeapi:pokemon_species_names.csv
species,Nincada,Nincada,pokeapi:pokemon_species_names.csv
species,Ninetales,Ninetales,pokeapi:pokemon_species_names.csv
species,Ninjask,Ninjask,pokeapi:pokemon_species_names.csv
species,Noctowl,Noctowl,pokeapi:pokemon_species_names.csv
species,Noibat,Noibat,pokeapi:pokemon_species_names.csv
species,Noivern,Noivern,pokeapi:pokemon_species_names.csv
species,Nosepass,Nosepass,pokeapi:pokemon_species_names.csv
species,Numel,Numel,pokeapi:pokemon_species_names.csv
species,Nuzleaf,Nuzleaf,pokeapi:pokemon_species_names.csv
species,Nymble,Nymble,pokeapi:pokemon_species_names.csv
species,Obstagoon,Obstagoon,pokeapi:pokemon_species_names.csv
species,Octillery,Octillery,pokeapi:pokemon_species_names.csv
species,Oddish,Oddish,pokeapi:pokemon_species_names.csv
species,Ogerpon,Ogerpon,pokeapi:pokemon_species_names.csv
species,Oinkologne,Oinkologne,pokeapi:pokemon_species_names.csv
species,Okidogi,Okidogi,pokeapi:pokemon_species_names.csv
species,Omanyte,Omanyte,pokeapi:pokemon_species_names.csv
species,Omastar,Omastar,pokeapi:pokemon_species_names.csv
species,Onix,Onix,pokeapi:pokemon_species_names.csv
species,Oranguru,Oranguru,pokeapi:pokemon_species_names.csv
species,Orbeetle,Orbeetle,pokeapi:pokemon_species_names.csv
species,Oricorio,Oricorio,pokeapi:pokemon_species_names.csv
species,Orthworm,Orthworm,pokeapi:pokemon_species_names.csv
species,Oshawott,Oshawott,pokeapi:pokemon_species_names.csv
species,Overqwil,Overqwil,pokeapi:pokemon_species_names.csv
species,Pachirisu,Pachirisu,pokeapi:pokemon_species_names.csv
species,Palafin,Palafin,pokeapi:pokemon_species_names.csv
species,Palkia,Palkia,pokeapi:pokemon_species_names.csv
species,Palossand,Palossand,pokeapi:pokemon_species_names.csv
species,Palpitoad,Palpitoad,pokeapi:pokemon_species_names.csv
species,Pancham,Pancham,pokeapi:pokemon_species_names.csv
species,Pangoro,Pangoro,pokeapi:pokemon_species_names.csv
species,Panpour,Panpour,pokeapi:pokemon_species_names.csv
species,Pansage,Pansage,pokeapi:pokemon_species_names.csv
species,Pansear,Pansear,pokeapi:pokemon_species_names.csv
species,Paras,Paras,pokeapi:pokemon_species_names.csv
species,Parasect,Parasect,pokeapi:pokemon_species_names.csv
species,Passimian,Passimian,pokeapi:pokemon_species_names.csv
species,Patrat,Patrat,pokeapi:pokemon_species_names.csv
species,Pawmi,Pawmi,pokeapi:pokemon_species_names.csv
species,Pawmo,Pawmo,pokeapi:pokemon_species_names.csv
species,Pawmot,Pawmot,pokeapi:pokemon_species_names.csv
species,Pawniard,Pawniard,pokeapi:pokemon_species_names.csv
species,Pecharunt,Pecharunt,pokeapi:pokemon_species_names.csv
species,Pelipper,Pelipper,pokeapi:pokemon_species_names.csv
species,Perrserker,Perrserker,pokeapi:pokemon_species_names.csv
species,Persian,Persian,pokeapi:pokemon_species_names.csv
species,Petilil,Petilil,pokeapi:pokemon_species_names.csv
species,Phanpy,Phanpy,pokeapi:pokemon_species_names.csv
species,Phantump,Phantump,pokeapi:pokemon_species_names.csv
species,Pheromosa,Pheromosa,pokeapi:pokemon_species_names.csv
species,Phione,Phione,pokeapi:pokemon_species_names.csv
species,Pichu,Pichu,pokeapi:pokemon_species_names.csv
species,Pidgeot,Pidgeot,pokeapi:pokemon_species_names.csv
species,Pidgeotto,Pidgeotto,pokeapi:pokemon_species_names.csv
species,Pidgey,Pidgey,pokeapi:pokemon_species_names.csv
species,Pidove,Pidove,pokeapi:pokemon_species_names.csv
species,Pignite,Pignite,pokeapi:pokemon_species_names.csv
species,Pikachu,Pikachu,pokeapi:pokemon_species_names.csv
species,Pikipek,Pikipek,pokeapi:pokemon_species_names.csv
species,Piloswine,Piloswine,pokeapi:pokemon_species_names.csv
species,Pincurchin,Pincurchin,pokeapi:pokemon_species_names.csv
species,Pineco,Pineco,pokeapi:pokemon_species_names.csv
species,Pinsir,Pinsir,pokeapi:pokemon_species_names.csv
species,Piplup,Piplup,pokeapi:pokemon_species_names.csv
species,Plusle,Plusle,pokeapi:pokemon_species_names.csv
species,Poipole,Poipole,pokeapi:pokemon_species_names.csv
species,Politoed,Politoed,pokeapi:pokemon_species_names.csv
species,Poliwag,Poliwag,pokeapi:pokemon_species_names.csv
species,Poliwhirl,Poliwhirl,pokeapi:pokemon_species_names.csv
species,Poliwrath,Poliwrath,pokeapi:pokemon_species_names.csv
species,Poltchageist,Poltchageist,pokeapi:pokemon_species_names.csv
species,Polteageist,Polteageist,pokeapi:pokemon_species_names.csv
species,Ponyta,Ponyta,pokeapi:pokemon_species_names.csv
species,Poochyena,Poochyena,pokeapi:pokemon_species_names.csv
species,Popplio,Popplio,pokeapi:pokemon_species_names.csv
species,Porygon,Porygon,pokeapi:pokemon_species_names.csv
species,Porygon-Z,Porygon-Z,pokeapi:pokemon_species_names.csv
species,Porygon2,Porygon2,pokeapi:pokemon_species_names.csv
species,Primarina,Primarina,pokeapi:pokemon_species_names.csv
species,Primeape,Primeape,pokeapi:pokemon_species_names.csv
species,Prinplup,Prinplup,pokeapi:pokemon_species_names.csv
species,Probopass,Probopass,pokeapi:pokemon_species_names.csv
species,Psyduck,Psyduck,pokeapi:pokemon_species_names.csv
species,Pumpkaboo,Pumpkaboo,pokeapi:pokemon_species_names.csv
species,Pupitar,Pupitar,pokeapi:pokemon_species_names.csv
species,Purrloin,Purrloin,pokeapi:pokemon_species_names.csv
species,Purugly,Purugly,pokeapi:pokemon_species_names.csv
species,Pyroar,Pyroar,pokeapi:pokemon_species_names.csv
species,Pyukumuku,Pyukumuku,pokeapi:pokemon_species_names.csv
species,Quagsire,Quagsire,pokeapi:pokemon_species_names.csv
species,Quaquaval,Quaquaval,pokeapi:pokemon_species_names.csv
species,Quaxly,Quaxly,pokeapi:pokemon_species_names.csv
species,Quaxwell,Quaxwell,pokeapi:pokemon_species_names.csv
species,Quilava,Quilava,pokeapi:pokemon_species_names.csv
species,Quilladin,Quilladin,pokeapi:pokemon_species_names.csv
species,Qwilfish,Qwilfish,pokeapi:pokemon_species_names.csv
species,Raboot,Raboot,pokeapi:pokemon_species_names.csv
species,Rabsca,Rabsca,pokeapi:pokemon_species_names.csv
species,Raging Bolt,Furiatonante,pokeapi:pokemon_species_names.csv
species,Raichu,Raichu,pokeapi:pokemon_species_names.csv
species,Raikou,Raikou,pokeapi:pokemon_species_names.csv
species,Ralts,Ralts,pokeapi:pokemon_species_names.csv
species,Rampardos,Rampardos,pokeapi:pokemon_species_names.csv
species,Rapidash,Rapidash,pokeapi:pokemon_species_names.csv
species,Raticate,Raticate,pokeapi:pokemon_species_names.csv
species,Rattata,Rattata,pokeapi:pokemon_species_names.csv
species,Rayquaza,Rayquaza,pokeapi:pokemon_species_names.csv
species,Regice,Regice,pokeapi:pokemon_species_names.csv
species,Regidrago,Regidrago,pokeapi:pokemon_species_names.csv
species,Regieleki,Regieleki,pokeapi:pokemon_species_names.csv
species,Regigigas,Regigigas,pokeapi:pokemon_species_names.csv
species,Regirock,Regirock,pokeapi:pokemon_species_names.csv
species,Registeel,Registeel,pokeapi:pokemon_species_names.csv
species,Relicanth,Relicanth,pokeapi:pokemon_species_names.csv
species,Rellor,Rellor,pokeapi:pokemon_species_names.csv
species,Remoraid,Remoraid,pokeapi:pokemon_species_names.csv
species,Reshiram,Reshiram,pokeapi:pokemon_species_names.csv
species,Reuniclus,Reuniclus,pokeapi:pokemon_species_names.csv
species,Revavroom,Revavroom,pokeapi:pokemon_species_names.csv
species,Rhydon,Rhydon,pokeapi:pokemon_species_names.csv
species,Rhyhorn,Rhyhorn,pokeapi:pokemon_species_names.csv
species,Rhyperior,Rhyperior,pokeapi:pokemon_species_names.csv
species,Ribombee,Ribombee,pokeapi:pokemon_species_names.csv
species,Rillaboom,Rillaboom,pokeapi:pokemon_species_names.csv
species,Riolu,Riolu,pokeapi:pokemon_species_names.csv
species,Roaring Moon,Lunaruggente,pokeapi:pokemon_species_names.csv
species,Rockruff,Rockruff,pokeapi:pokemon_species_names.csv
species,Roggenrola,Roggenrola,pokeapi:pokemon_species_names.csv
species,Rolycoly,Rolycoly,pokeapi:pokemon_species_names.csv
species,Rookidee,Rookidee,pokeapi:pokemon_species_names.csv
species,Roselia,Roselia,pokeapi:pokemon_species_names.csv
species,Roserade,Roserade,pokeapi:pokemon_species_names.csv
species,Rotom,Rotom,pokeapi:pokemon_species_names.csv
species,Rowlet,Rowlet,pokeapi:pokemon_species_names.csv
species,Rufflet,Rufflet,pokeapi:pokemon_species_names.csv
species,Runerigus,Runerigus,pokeapi:pokemon_species_names.csv
species,Sableye,Sableye,pokeapi:pokemon_species_names.csv
species,Salamence,Salamence,pokeapi:pokemon_species_names.csv
species,Salandit,Salandit,pokeapi:pokemon_species_names.csv
species,Salazzle,Salazzle,pokeapi:pokemon_species_names.csv
species,Samurott,Samurott,pokeapi:pokemon_species_names.csv
species,Sandaconda,Sandaconda,pokeapi:pokemon_species_names.csv
species,Sandile,Sandile,pokeapi:pokemon_species_names.csv
species,Sandshrew,Sandshrew,pokeapi:pokemon_species_names.csv
species,Sandslash,Sandslash,pokeapi:pokemon_species_names.csv
species,Sandy Shocks,Peldisabbia,pokeapi:pokemon_species_names.csv
species,Sandygast,Sandygast,pokeapi:pokemon_species_names.csv
species,Sawk,Sawk,pokeapi:pokemon_species_names.csv
species,Sawsbuck,Sawsbuck,pokeapi:pokemon_species_names.csv
species,Scatterbug,Scatterbug,pokeapi:pokemon_species_names.csv
species,Sceptile,Sceptile,pokeapi:pokemon_species_names.csv
species,Scizor,Scizor,pokeapi:pokemon_species_names.csv
species,Scolipede,Scolipede,pokeapi:pokemon_species_names.csv
species,Scorbunny,Scorbunny,pokeapi:pokemon_species_names.csv
species,Scovillain,Scovillain,pokeapi:pokemon_species_names.csv
species,Scrafty,Scrafty,pokeapi:pokemon_species_names.csv
species,Scraggy,Scraggy,pokeapi:pokemon_species_names.csv
species,Scream Tail,Codaurlante,pokeapi:pokemon_species_names.csv
species,Scyther,Scyther,pokeapi:pokemon_species_names.csv
species,Seadra,Seadra,pokeapi:pokemon_species_names.csv
species,Seaking,Seaking,pokeapi:pokemon_species_names.csv
species,Sealeo,Sealeo,pokeapi:pokemon_species_names.csv
species,Seedot,Seedot,pokeapi:pokemon_species_names.csv
species,Seel,Seel,pokeapi:pokemon_species_names.csv
species,Seismitoad,Seismitoad,pokeapi:pokemon_species_names.csv
species,Sentret,Sentret,pokeapi:pokemon_species_names.csv
species,Serperior,Serperior,pokeapi:pokemon_species_names.csv
species,Servine,Servine,pokeapi:pokemon_species_names.csv
species,Seviper,Seviper,pokeapi:pokemon_species_names.csv
species,Sewaddle,Sewaddle,pokeapi:pokemon_species_names.csv
species,Sharpedo,Sharpedo,pokeapi:pokemon_species_names.csv
species,Shaymin,Shaymin,pokeapi:pokemon_species_names.csv
species,Shedinja,Shedinja,pokeapi:pokemon_species_names.csv
species,Shelgon,Shelgon,pokeapi:pokemon_species_names.csv
species,Shellder,Shellder,pokeapi:pokemon_species_names.csv
species,Shellos,Shellos,pokeapi:pokemon_species_names.csv
species,Shelmet,Shelmet,pokeapi:pokemon_species_names.csv
species,Shieldon,Shieldon,pokeapi:pokemon_species_names.csv
species,Shiftry,Shiftry,pokeapi:pokemon_species_names.csv
species,Shiinotic,Shiinotic,pokeapi:pokemon_species_names.csv
species,Shinx,Shinx,pokeapi:pokemon_species_names.csv
species,Shroodle,Shroodle,pokeapi:pokemon_species_names.csv
species,Shroomish,Shroomish,pokeapi:pokemon_species_names.csv
species,Shuckle,Shuckle,pokeapi:pokemon_species_names.csv
species,Shuppet,Shuppet,pokeapi:pokemon_species_names.csv
species,Sigilyph,Sigilyph,pokeapi:pokemon_species_names.csv
species,Silcoon,Silcoon,pokeapi:pokemon_species_names.csv
species,Silicobra,Silicobra,pokeapi:pokemon_species_names.csv
species,Silvally,Silvally,pokeapi:pokemon_species_names.csv
species,Simipour,Simipour,pokeapi:pokemon_species_names.csv
species,Simisage,Simisage,pokeapi:pokemon_species_names.csv
species,Simisear,Simisear,pokeapi:pokemon_species_names.csv
species,Sinistcha,Sinistcha,pokeapi:pokemon_species_names.csv
species,Sinistea,Sinistea,pokeapi:pokemon_species_names.csv
species,Sirfetch’d,Sirfetch’d,pokeapi:pokemon_species_names.csv
species,Sizzlipede,Sizzlipede,pokeapi:pokemon_species_names.csv
species,Skarmory,Skarmory,pokeapi:pokemon_species_names.csv
species,Skeledirge,Skeledirge,pokeapi:pokemon_species_names.csv
species,Skiddo,Skiddo,pokeapi:pokemon_species_names.csv
species,Skiploom,Skiploom,pokeapi:pokemon_species_names.csv
species,Skitty,Skitty,pokeapi:pokemon_species_names.csv
species,Skorupi,Skorupi,pokeapi:pokemon_species_names.csv
species,Skrelp,Skrelp,pokeapi:pokemon_species_names.csv
species,Skuntank,Skuntank,pokeapi:pokemon_species_names.csv
species,Skwovet,Skwovet,pokeapi:pokemon_species_names.csv
species,Slaking,Slaking,pokeapi:pokemon_species_names.csv
species,Slakoth,Slakoth,pokeapi:pokemon_species_names.csv
species,Sliggoo,Sliggoo,pokeapi:pokemon_species_names.csv
species,Slither Wing,Alirasenti,pokeapi:pokemon_species_names.csv
species,Slowbro,Slowbro,pokeapi:pokemon_species_names.csv
species,Slowking,Slowking,pokeapi:pokemon_species_names.csv
species,Slowpoke,Slowpoke,pokeapi:pokemon_species_names.csv
species,Slugma,Slugma,pokeapi:pokemon_species_names.csv
species,Slurpuff,Slurpuff,pokeapi:pokemon_species_names.csv
species,Smeargle,Smeargle,pokeapi:pokemon_species_names.csv
species,Smoliv,Smoliv,pokeapi:pokemon_species_names.csv
species,Smoochum,Smoochum,pokeapi:pokemon_species_names.csv
species,Sneasel,Sneasel,pokeapi:pokemon_species_names.csv
species,Sneasler,Sneasler,pokeapi:pokemon_species_names.csv
species,Snivy,Snivy,pokeapi:pokemon_species_names.csv
species,Snom,Snom,pokeapi:pokemon_species_names.csv
species,Snorlax,Snorlax,pokeapi:pokemon_species_names.csv
species,Snorunt,Snorunt,pokeapi:pokemon_species_names.csv
species,Snover,Snover,pokeapi:pokemon_species_names.csv
species,Snubbull,Snubbull,pokeapi:pokemon_species_names.csv
species,Sobble,Sobble,pokeapi:pokemon_species_names.csv
species,Solgaleo,Solgaleo,pokeapi:pokemon_species_names.csv
species,Solosis,Solosis,pokeapi:pokemon_species_names.csv
species,Solrock,Solrock,pokeapi:pokemon_species_names.csv
species,Spearow,Spearow,pokeapi:pokemon_species_names.csv
species,Spectrier,Spectrier,pokeapi:pokemon_species_names.csv
species,Spewpa,Spewpa,pokeapi:pokemon_species_names.csv
species,Spheal,Spheal,pokeapi:pokemon_species_names.csv
species,Spidops,Spidops,pokeapi:pokemon_species_names.csv
species,Spinarak,Spinarak,pokeapi:pokemon_species_names.csv
species,Spinda,Spinda,pokeapi:pokemon_species_names.csv
species,Spiritomb,Spiritomb,pokeapi:pokemon_species_names.csv
species,Spoink,Spoink,pokeapi:pokemon_species_names.csv
species,Sprigatito,Sprigatito,pokeapi:pokemon_species_names.csv
species,Spritzee,Spritzee,pokeapi:pokemon_species_names.csv
species,Squawkabilly,Squawkabilly,pokeapi:pokemon_species_names.csv
species,Squirtle,Squirtle,pokeapi:pokemon_species_names.csv
species,Stakataka,Stakataka,pokeapi:pokemon_species_names.csv
species,Stantler,Stantler,pokeapi:pokemon_species_names.csv
species,Staraptor,Staraptor,pokeapi:pokemon_species_names.csv
species,Staravia,Staravia,pokeapi:pokemon_species_names.csv
species,Starly,Starly,pokeapi:pokemon_species_names.csv
species,Starmie,Starmie,pokeapi:pokemon_species_names.csv
species,Staryu,Staryu,pokeapi:pokemon_species_names.csv
species,Steelix,Steelix,pokeapi:pokemon_species_names.csv
species,Steenee,Steenee,pokeapi:pokemon_species_names.csv
species,Stonjourner,Stonjourner,pokeapi:pokemon_species_names.csv
species,Stoutland,Stoutland,pokeapi:pokemon_species_names.csv
species,Stufful,Stufful,pokeapi:pokemon_species_names.csv
species,Stunfisk,Stunfisk,pokeapi:pokemon_species_names.csv
species,Stunky,Stunky,pokeapi:pokemon_species_names.csv
species,Sudowoodo,Sudowoodo,pokeapi:pokemon_species_names.csv
species,Suicune,Suicune,pokeapi:pokemon_species_names.csv
species,Sunflora,Sunflora,pokeapi:pokemon_species_names.csv
species,Sunkern,Sunkern,pokeapi:pokemon_species_names.csv
species,Surskit,Surskit,pokeapi:pokemon_species_names.csv
species,Swablu,Swablu,pokeapi:pokemon_species_names.csv
species,Swadloon,Swadloon,pokeapi:pokemon_species_names.csv
species,Swalot,Swalot,pokeapi:pokemon_species_names.csv
species,Swampert,Swampert,pokeapi:pokemon_species_names.csv
species,Swanna,Swanna,pokeapi:pokemon_species_names.csv
species,Swellow,Swellow,pokeapi:pokemon_species_names.csv
species,Swinub,Swinub,pokeapi:pokemon_species_names.csv
species,Swirlix,Swirlix,pokeapi:pokemon_species_names.csv
species,Swoobat,Swoobat,pokeapi:pokemon_species_names.csv
species,Sylveon,Sylveon,pokeapi:pokemon_species_names.csv
species,Tadbulb,Tadbulb,pokeapi:pokemon_species_names.csv
species,Taillow,Taillow,pokeapi:pokemon_species_names.csv
species,Talonflame,Talonflame,pokeapi:pokemon_species_names.csv
species,Tandemaus,Tandemaus,pokeapi:pokemon_species_names.csv
species,Tangela,Tangela,pokeapi:pokemon_species_names.csv
species,Tangrowth,Tangrowth,pokeapi:pokemon_species_names.csv
species,Tapu Bulu,Tapu Bulu,pokeapi:pokemon_species_names.csv
species,Tapu Fini,Tapu Fini,pokeapi:pokemon_species_names.csv
species,Tapu Koko,Tapu Koko,pokeapi:pokemon_species_names.csv
species,Tapu Lele,Tapu Lele,pokeapi:pokemon_species_names.csv
species,Tarountula,Tarountula,pokeapi:pokemon_species_names.csv
species,Tatsugiri,Tatsugiri,pokeapi:pokemon_species_names.csv
species,Tauros,Tauros,pokeapi:pokemon_species_names.csv
species,Teddiursa,Teddiursa,pokeapi:pokemon_species_names.csv
species,Tentacool,Tentacool,pokeapi:pokemon_species_names.csv
species,Tentacruel,Tentacruel,pokeapi:pokemon_species_names.csv
species,Tepig,Tepig,pokeapi:pokemon_species_names.csv
species,Terapagos,Terapagos,pokeapi:pokemon_species_names.csv
species,Terrakion,Terrakion,pokeapi:pokemon_species_names.csv
species,Thievul,Thievul,pokeapi:pokemon_species_names.csv
species,Throh,Throh,pokeapi:pokemon_species_names.csv
species,Thundurus,Thundurus,pokeapi:pokemon_species_names.csv
species,Thwackey,Thwackey,pokeapi:pokemon_species_names.csv
species,Timburr,Timburr,pokeapi:pokemon_species_names.csv
species,Ting-Lu,Ting-Lu,pokeapi:pokemon_species_names.csv
species,Tinkatink,Tinkatink,pokeapi:pokemon_species_names.csv
species,Tinkaton,Tinkaton,pokeapi:pokemon_species_names.csv
species,Tinkatuff,Tinkatuff,pokeapi:pokemon_species_names.csv
species,Tirtouga,Tirtouga,pokeapi:pokemon_species_names.csv
species,Toedscool,Toedscool,pokeapi:pokemon_species_names.csv
species,Toedscruel,Toedscruel,pokeapi:pokemon_species_names.csv
species,Togedemaru,Togedemaru,pokeapi:pokemon_species_names.csv
species,Togekiss,Togekiss,pokeapi:pokemon_species_names.csv
species,Togepi,Togepi,pokeapi:pokemon_species_names.csv
species,Togetic,Togetic,pokeapi:pokemon_species_names.csv
species,Torchic,Torchic,pokeapi:pokemon_species_names.csv
species,Torkoal,Torkoal,pokeapi:pokemon_species_names.csv
species,Tornadus,Tornadus,pokeapi:pokemon_species_names.csv
species,Torracat,Torracat,pokeapi:pokemon_species_names.csv
species,Torterra,Torterra,pokeapi:pokemon_species_names.csv
species,Totodile,Totodile,pokeapi:pokemon_species_names.csv
species,Toucannon,Toucannon,pokeapi:pokemon_species_names.csv
species,Toxapex,Toxapex,pokeapi:pokemon_species_names.csv
species,Toxel,Toxel,pokeapi:pokemon_species_names.csv
species,Toxicroak,Toxicroak,pokeapi:pokemon_species_names.csv
species,Toxtricity,Toxtricity,pokeapi:pokemon_species_names.csv
species,Tranquill,Tranquill,pokeapi:pokemon_species_names.csv
species,Trapinch,Trapinch,pokeapi:pokemon_species_names.csv
species,Treecko,Treecko,pokeapi:pokemon_species_names.csv
species,Trevenant,Trevenant,pokeapi:pokemon_species_names.csv
species,Tropius,Tropius,pokeapi:pokemon_species_names.csv
species,Trubbish,Trubbish,pokeapi:pokemon_species_names.csv
species,Trumbeak,Trumbeak,pokeapi:pokemon_species_names.csv
species,Tsareena,Tsareena,pokeapi:pokemon_species_names.csv
species,Turtonator,Turtonator,pokeapi:pokemon_species_names.csv
species,Turtwig,Turtwig,pokeapi:pokemon_species_names.csv
species,Tympole,Tympole,pokeapi:pokemon_species_names.csv
species,Tynamo,Tynamo,pokeapi:pokemon_species_names.csv
species,Type: Null,Tipo Zero,pokeapi:pokemon_species_names.csv
species,Typhlosion,Typhlosion,pokeapi:pokemon_species_names.csv
species,Tyranitar,Tyranitar,pokeapi:pokemon_species_names.csv
species,Tyrantrum,Tyrantrum,pokeapi:pokemon_species_names.csv
species,Tyrogue,Tyrogue,pokeapi:pokemon_species_names.csv
species,Tyrunt,Tyrunt,pokeapi:pokemon_species_names.csv
species,Umbreon,Umbreon,pokeapi:pokemon_species_names.csv
species,Unfezant,Unfezant,pokeapi:pokemon_species_names.csv
species,Unown,Unown,pokeapi:pokemon_species_names.csv
species,Ursaluna,Ursaluna,pokeapi:pokemon_species_names.csv
species,Ursaring,Ursaring,pokeapi:pokemon_species_names.csv
species,Urshifu,Urshifu,pokeapi:pokemon_species_names.csv
species,Uxie,Uxie,pokeapi:pokemon_species_names.csv
species,Vanillish,Vanillish,pokeapi:pokemon_species_names.csv
species,Vanillite,Vanillite,pokeapi:pokemon_species_names.csv
species,Vanilluxe,Vanilluxe,pokeapi:pokemon_species_names.csv
species,Vaporeon,Vaporeon,pokeapi:pokemon_species_names.csv
species,Varoom,Varoom,pokeapi:pokemon_species_names.csv
species,Veluza,Veluza,pokeapi:pokemon_species_names.csv
species,Venipede,Venipede,pokeapi:pokemon_species_names.csv
species,Venomoth,Venomoth,pokeapi:pokemon_species_names.csv
species,Venonat,Venonat,pokeapi:pokemon_species_names.csv
species,Venusaur,Venusaur,pokeapi:pokemon_species_names.csv
species,Vespiquen,Vespiquen,pokeapi:pokemon_species_names.csv
species,Vibrava,Vibrava,pokeapi:pokemon_species_names.csv
species,Victini,Victini,pokeapi:pokemon_species_names.csv
species,Victreebel,Victreebel,pokeapi:pokemon_species_names.csv
species,Vigoroth,Vigoroth,pokeapi:pokemon_species_names.csv
species,Vikavolt,Vikavolt,pokeapi:pokemon_species_names.csv
species,Vileplume,Vileplume,pokeapi:pokemon_species_names.csv
species,Virizion,Virizion,pokeapi:pokemon_species_names.csv
species,Vivillon,Vivillon,pokeapi:pokemon_species_names.csv
species,Volbeat,Volbeat,pokeapi:pokemon_species_names.csv
species,Volcanion,Volcanion,pokeapi:pokemon_species_names.csv
species,Volcarona,Volcarona,pokeapi:pokemon_species_names.csv
species,Voltorb,Voltorb,pokeapi:pokemon_species_names.csv
species,Vullaby,Vullaby,pokeapi:pokemon_species_names.csv
species,Vulpix,Vulpix,pokeapi:pokemon_species_names.csv
species,Wailmer,Wailmer,pokeapi:pokemon_species_names.csv
species,Wailord,Wailord,pokeapi:pokemon_species_names.csv
species,Walking Wake,Acquecrespe,pokeapi:pokemon_species_names.csv
species,Walrein,Walrein,pokeapi:pokemon_species_names.csv
species,Wartortle,Wartortle,pokeapi:pokemon_species_names.csv
species,Watchog,Watchog,pokeapi:pokemon_species_names.csv
species,Wattrel,Wattrel,pokeapi:pokemon_species_names.csv
species,Weavile,Weavile,pokeapi:pokemon_species_names.csv
species,Weedle,Weedle,pokeapi:pokemon_species_names.csv
species,Weepinbell,Weepinbell,pokeapi:pokemon_species_names.csv
species,Weezing,Weezing,pokeapi:pokemon_species_names.csv
species,Whimsicott,Whimsicott,pokeapi:pokemon_species_names.csv
species,Whirlipede,Whirlipede,pokeapi:pokemon_species_names.csv
species,Whiscash,Whiscash,pokeapi:pokemon_species_names.csv
species,Whismur,Whismur,pokeapi:pokemon_species_names.csv
species,Wigglytuff,Wigglytuff,pokeapi:pokemon_species_names.csv
species,Wiglett,Wiglett,pokeapi:pokemon_species_names.csv
species,Wimpod,Wimpod,pokeapi:pokemon_species_names.csv
species,Wingull,Wingull,pokeapi:pokemon_species_names.csv
species,Wishiwashi,Wishiwashi,pokeapi:pokemon_species_names.csv
species,Wo-Chien,Wo-Chien,pokeapi:pokemon_species_names.csv
species,Wobbuffet,Wobbuffet,pokeapi:pokemon_species_names.csv
species,Woobat,Woobat,pokeapi:pokemon_species_names.csv
species,Wooloo,Wooloo,pokeapi:pokemon_species_names.csv
species,Wooper,Wooper,pokeapi:pokemon_species_names.csv
species,Wormadam,Wormadam,pokeapi:pokemon_species_names.csv
species,Wugtrio,Wugtrio,pokeapi:pokemon_species_names.csv
species,Wurmple,Wurmple,pokeapi:pokemon_species_names.csv
species,Wynaut,Wynaut,pokeapi:pokemon_species_names.csv
species,Wyrdeer,Wyrdeer,pokeapi:pokemon_species_names.csv
species,Xatu,Xatu,pokeapi:pokemon_species_names.csv
species,Xerneas,Xerneas,pokeapi:pokemon_species_names.csv
species,Xurkitree,Xurkitree,pokeapi:pokemon_species_names.csv
species,Yamask,Yamask,pokeapi:pokemon_species_names.csv
species,Yamper,Yamper,pokeapi:pokemon_species_names.csv
species,Yanma,Yanma,pokeapi:pokemon_species_names.csv
species,Yanmega,Yanmega,pokeapi:pokemon_species_names.csv
species,Yungoos,Yungoos,pokeapi:pokemon_species_names.csv
species,Yveltal,Yveltal,pokeapi:pokemon_species_names.csv
species,Zacian,Zacian,pokeapi:pokemon_species_names.csv
species,Zamazenta,Zamazenta,pokeapi:pokemon_species_names.csv
species,Zangoose,Zangoose,pokeapi:pokemon_species_names.csv
species,Zapdos,Zapdos,pokeapi:pokemon_species_names.csv
species,Zarude,Zarude,pokeapi:pokemon_species_names.csv
species,Zebstrika,Zebstrika,pokeapi:pokemon_species_names.csv
species,Zekrom,Zekrom,pokeapi:pokemon_species_names.csv
species,Zeraora,Zeraora,pokeapi:pokemon_species_names.csv
species,Zigzagoon,Zigzagoon,pokeapi:pokemon_species_names.csv
species,Zoroark,Zoroark,pokeapi:pokemon_species_names.csv
species,Zorua,Zorua,pokeapi:pokemon_species_names.csv
species,Zubat,Zubat,pokeapi:pokemon_species_names.csv
species,Zweilous,Zweilous,pokeapi:pokemon_species_names.csv
species,Zygarde,Zygarde,pokeapi:pokemon_species_names.csv
stat,Attack,Attacco,pokeapi:stat_names.csv
stat,Defense,Difesa,pokeapi:stat_names.csv
stat,HP,PS,pokeapi:stat_names.csv
stat,Special Attack,Attacco Speciale,pokeapi:stat_names.csv
stat,Special Defense,Difesa Speciale,pokeapi:stat_names.csv
stat,Speed,Velocità,pokeapi:stat_names.csv
stat,accuracy,precisione,pokeapi:stat_names.csv
stat,evasion,elusione,pokeapi:stat_names.csv
type,???,???,pokeapi:type_names.csv
type,Bug,Coleottero,pokeapi:type_names.csv
type,Dark,Buio,pokeapi:type_names.csv
type,Dragon,Drago,pokeapi:type_names.csv
type,Electric,Elettro,pokeapi:type_names.csv
type,Fairy,Folletto,pokeapi:type_names.csv
type,Fighting,Lotta,pokeapi:type_names.csv
type,Fire,Fuoco,pokeapi:type_names.csv
type,Flying,Volante,pokeapi:type_names.csv
type,Ghost,Spettro,pokeapi:type_names.csv
type,Grass,Erba,pokeapi:type_names.csv
type,Ground,Terra,pokeapi:type_names.csv
type,Ice,Ghiaccio,pokeapi:type_names.csv
type,Normal,Normale,pokeapi:type_names.csv
type,Poison,Veleno,pokeapi:type_names.csv
type,Psychic,Psico,pokeapi:type_names.csv
type,Rock,Roccia,pokeapi:type_names.csv
type,Shadow,Ombra,pokeapi:type_names.csv
type,Steel,Acciaio,pokeapi:type_names.csv
type,Stellar,Astrale,pokeapi:type_names.csv
type,Water,Acqua,pokeapi:type_names.csv
version,Alpha Sapphire,Zaffiro Alpha,pokeapi:version_names.csv
version,Black,Nera,pokeapi:version_names.csv
version,Black 2,Nera 2,pokeapi:version_names.csv
version,Blue,Blu,pokeapi:version_names.csv
version,Brilliant Diamond,Diamante Lucente,pokeapi:version_names.csv
version,Colosseum,Colosseum,pokeapi:version_names.csv
version,Crystal,Cristallo,pokeapi:version_names.csv
version,Diamond,Diamante,pokeapi:version_names.csv
version,Emerald,Smeraldo,pokeapi:version_names.csv
version,FireRed,Rosso Fuoco,pokeapi:version_names.csv
version,Gold,Oro,pokeapi:version_names.csv
version,Green,Verde,pokeapi:version_names.csv
version,HeartGold,Oro HeartGold,pokeapi:version_names.csv
version,LeafGreen,Verde Foglia,pokeapi:version_names.csv
version,Legends: Arceus,Leggende: Arceus,pokeapi:version_names.csv
version,Legends: Z-A,Leggende: Z-A,pokeapi:version_names.csv
version,"Let’s Go, Eevee!","Let’s Go, Eevee!",pokeapi:version_names.csv
version,"Let’s Go, Pikachu!","Let’s Go, Pikachu!",pokeapi:version_names.csv
version,Mega Dimension,Megadimensione,pokeapi:version_names.csv
version,Moon,Luna,pokeapi:version_names.csv
version,Omega Ruby,Rubino Omega,pokeapi:version_names.csv
version,Pearl,Perla,pokeapi:version_names.csv
version,Platinum,Platino,pokeapi:version_names.csv
version,Red,Rossa,pokeapi:version_names.csv
version,Ruby,Rubino,pokeapi:version_names.csv
version,Sapphire,Zaffiro,pokeapi:version_names.csv
version,Scarlet,Scarlatto,pokeapi:version_names.csv
version,Scarlet: The Indigo Disk,Scarlatto: Il disco indaco,pokeapi:version_names.csv
version,Scarlet: The Teal Mask,Scarlatto: La maschera turchese,pokeapi:version_names.csv
version,Shield,Scudo,pokeapi:version_names.csv
version,Shield: The Crown Tundra,Scudo: Le terre innevate della corona,pokeapi:version_names.csv
version,Shield: The Isle of Armor,Scudo: L’isola solitaria dell’armatura,pokeapi:version_names.csv
version,Shining Pearl,Perla Splendente,pokeapi:version_names.csv
version,Silver,Argento,pokeapi:version_names.csv
version,SoulSilver,Argento SoulSilver,pokeapi:version_names.csv
version,Sun,Sole,pokeapi:version_names.csv
version,Sword,Spada,pokeapi:version_names.csv
version,Sword: The Crown Tundra,Spada: Le terre innevate della corona,pokeapi:version_names.csv
version,Sword: The Isle of Armor,Spada: L’isola solitaria dell’armatura,pokeapi:version_names.csv
version,Ultra Moon,Ultraluna,pokeapi:version_names.csv
version,Ultra Sun,Ultrasole,pokeapi:version_names.csv
version,Violet,Violetto,pokeapi:version_names.csv
version,Violet: The Indigo Disk,Violetto: Il disco indaco,pokeapi:version_names.csv
version,Violet: The Teal Mask,Violetto: La maschera turchese,pokeapi:version_names.csv
version,White,Bianca,pokeapi:version_names.csv
version,White 2,Bianca 2,pokeapi:version_names.csv
version,X,X,pokeapi:version_names.csv
version,XD,XD,pokeapi:version_names.csv
version,Y,Y,pokeapi:version_names.csv
version,Yellow,Gialla,pokeapi:version_names.csv
